ItemNo,UPCcode,Current_Quantity_Available
ALG-137,693016585175,0
ALG-137,693016585182,12
ALG-137,693016585199,20
ALG-137,693016585205,83
ALG-137,693016585212,122
ALG-137,693016585229,148
ALG-137,693016585236,120
ALG-137,693016585243,70
ALG-137,693016585250,23
ALG-137,693016585267,0
ALG-138,693016585373,0
ALG-138,693016585380,11
ALG-138,693016585397,20
ALG-138,693016585403,69
ALG-138,693016585410,107
ALG-138,693016585427,101
ALG-138,693016585434,84
ALG-138,693016585441,40
ALG-138,693016585458,24
ALG-138,693016585465,0
ALG-139,693016585472,0
ALG-139,693016585489,7
ALG-139,693016585496,17
ALG-139,693016585502,18
ALG-139,693016585519,49
ALG-139,693016585526,69
ALG-139,693016585533,32
ALG-139,693016585540,31
ALG-139,693016585557,13
ALG-139,693016585564,0
ALG-231,693016532681,0
ALG-231,693016532698,12
ALG-231,693016532704,25
ALG-231,693016532711,52
ALG-231,693016532728,103
ALG-231,693016532735,124
ALG-231,693016532742,24
ALG-231,693016532759,11
ALG-231,693016532766,7
ALG-231,693016532773,0
ALG-233,693016532889,0
ALG-233,693016532896,19
ALG-233,693016532902,38
ALG-233,693016532919,39
ALG-233,693016532926,89
ALG-233,693016532933,106
ALG-233,693016532940,33
ALG-233,693016532957,42
ALG-233,693016532964,0
ALG-233,693016532971,0
ALG-324,693016562602,0
ALG-324,693016562619,6
ALG-324,693016562626,39
ALG-324,693016562633,59
ALG-324,693016562640,96
ALG-324,693016562657,99
ALG-324,693016562664,39
ALG-324,693016562671,39
ALG-324,693016562688,0
ALG-324,693016562695,0
ALG-372,693016585274,0
ALG-372,693016585281,4
ALG-372,693016585298,0
ALG-372,693016585304,28
ALG-372,693016585311,55
ALG-372,693016585328,69
ALG-372,693016585335,49
ALG-372,693016585342,24
ALG-372,693016585359,8
ALG-372,693016585366,0
ALG-422,693016569502,0
ALG-422,693016569519,25
ALG-422,693016569526,71
ALG-422,693016569533,156
ALG-422,693016569540,199
ALG-422,693016569557,223
ALG-422,693016569564,138
ALG-422,693016569571,88
ALG-422,693016569588,19
ALG-422,693016569595,0
ALG-425,693016570003,0
ALG-425,693016570010,18
ALG-425,693016570027,38
ALG-425,693016570034,77
ALG-425,693016570041,105
ALG-425,693016570058,124
ALG-425,693016570065,93
ALG-425,693016570072,47
ALG-425,693016570089,19
ALG-425,693016570096,0
ALG-429,693016569908,0
ALG-429,693016569915,16
ALG-429,693016569922,54
ALG-429,693016569939,57
ALG-429,693016569946,62
ALG-429,693016569953,49
ALG-429,693016569960,55
ALG-429,693016569977,37
ALG-429,693016569984,17
ALG-429,693016569991,0
ALG-531,693016266128,38
ALG-531,693016266135,58
ALG-531,693016266142,81
ALG-531,693016266159,118
ALG-531,693016266166,184
ALG-531,693016266173,152
ALG-531,693016266180,115
ALG-531,693016266197,72
ALG-532,693016266203,26
ALG-532,693016266210,10
ALG-532,693016266227,0
ALG-532,693016266234,0
ALG-532,693016266241,0
ALG-532,693016266258,0
ALG-532,693016266265,0
ALG-532,693016266272,0
ALG-542,693016533084,0
ALG-542,693016533091,24
ALG-542,693016533107,0
ALG-542,693016533114,0
ALG-542,693016533121,0
ALG-542,693016533138,0
ALG-542,693016533145,0
ALG-542,693016533152,0
ALG-542,693016533169,0
ALG-542,693016533176,0
ALG-575,693016569700,0
ALG-575,693016569717,14
ALG-575,693016569724,35
ALG-575,693016569731,69
ALG-575,693016569748,78
ALG-575,693016569755,94
ALG-575,693016569762,74
ALG-575,693016569779,64
ALG-575,693016569786,36
ALG-575,693016569793,0
ALG-601,693016214464,33
ALG-601,693016208494,35
ALG-601,693016208500,57
ALG-601,693016208517,88
ALG-601,693016208524,141
ALG-601,693016208531,48
ALG-601,693016208548,46
ALG-601,693016208555,15
ALG-631,693016272846,0
ALG-631,693016272853,0
ALG-631,693016272860,2
ALG-631,693016272877,6
ALG-631,693016272884,10
ALG-631,693016272891,0
ALG-631,693016272907,0
ALG-631,693016272914,0
ALG-637,693016273003,64
ALG-637,693016273010,30
ALG-637,693016273027,48
ALG-637,693016273034,46
ALG-637,693016273041,65
ALG-637,693016273058,39
ALG-637,693016273065,30
ALG-637,693016273072,13
ALG-644,693016519781,0
ALG-644,693016519798,9
ALG-644,693016519804,25
ALG-644,693016519811,43
ALG-644,693016519828,62
ALG-644,693016519835,69
ALG-644,693016519842,66
ALG-644,693016519859,39
ALG-644,693016519866,9
ALG-644,693016519873,0
ALG-686,693016585571,0
ALG-686,693016585588,0
ALG-686,693016585595,12
ALG-686,693016585601,43
ALG-686,693016585618,56
ALG-686,693016585625,66
ALG-686,693016585632,59
ALG-686,693016585649,17
ALG-686,693016585656,14
ALG-686,693016585663,0
ALG-719,693016569809,0
ALG-719,693016569816,7
ALG-719,693016569823,2
ALG-719,693016569830,50
ALG-719,693016569847,68
ALG-719,693016569854,63
ALG-719,693016569861,80
ALG-719,693016569878,28
ALG-719,693016569885,0
ALG-719,693016569892,0
ALG-998,693016543984,0
ALG-998,693016543991,15
ALG-998,693016544004,33
ALG-998,693016544011,68
ALG-998,693016544028,124
ALG-998,693016544035,125
ALG-998,693016544042,107
ALG-998,693016544059,77
ALG-998,693016544066,68
ALG-998,693016544073,0
ALG-998G,693016581566,0
ALG-998G,693016581573,21
ALG-998G,693016581580,54
ALG-998G,693016581597,104
ALG-998G,693016581603,194
ALG-998G,693016581610,182
ALG-998G,693016581627,177
ALG-998G,693016581634,164
ALG-998G,693016581641,115
ALG-998G,693016581658,0
ALG-998GW,693016584673,0
ALG-998GW,693016584680,0
ALG-998GW,693016584697,108
ALG-998GW,693016584703,194
ALG-998GW,693016584710,336
ALG-998GW,693016584727,376
ALG-998GW,693016584734,278
ALG-998GW,693016584741,200
ALG-998GW,693016584758,60
ALG-998GW,693016584765,0
ALG-998W,693016502349,0
ALG-998W,693016502356,70
ALG-998W,693016502363,108
ALG-998W,693016502370,159
ALG-998W,693016502387,155
ALG-998W,693016502394,247
ALG-998W,693016502400,96
ALG-998W,693016502417,47
ALG-999,693016299843,26
ALG-999,693016299850,0
ALG-999,693016299867,0
ALG-999,693016299874,449
ALG-999,693016299881,611
ALG-999,693016299898,783
ALG-999,693016299904,993
ALG-999,693016299911,1434
ALG-999,693016299836,0
ALG-999,693016319527,213
ALG-999G,693016531783,11
ALG-999G,693016531790,28
ALG-999G,693016531806,87
ALG-999G,693016531813,208
ALG-999G,693016531820,349
ALG-999G,693016531837,306
ALG-999G,693016531844,237
ALG-999G,693016531851,179
ALG-999G,693016531868,246
ALG-999G,693016531875,21
ALG-999GW,693016531882,5
ALG-999GW,693016531899,15
ALG-999GW,693016531905,136
ALG-999GW,693016531912,352
ALG-999GW,693016531929,486
ALG-999GW,693016531936,444
ALG-999GW,693016531943,412
ALG-999GW,693016531950,296
ALG-999GW,693016531967,223
ALG-999GW,693016531974,80
ALG-999W,693016299928,140
ALG-999W,693016299935,840
ALG-999W,693016299942,1707
ALG-999W,693016299959,2119
ALG-999W,693016299966,2172
ALG-999W,693016299973,1851
ALG-999W,693016299980,1010
ALG-999W,693016299997,974
ALG-999W,693016502325,0
ALG-999W,693016319534,0
ALG-ALL-431,693016491285,0
ALG-ALL-431,693016491292,0
ALG-ALL-431,693016491308,2
ALG-ALL-431,693016491315,0
ALG-ALL-431,693016491322,9
ALG-ALL-431,693016491339,0
ALG-ALL-431,693016491346,0
ALG-ALL-431,693016491353,0
ALG-ALL-431,693016491360,0
ALG-ALL-431,693016491377,0
ALG-ALL-571,693016293957,144
ALG-ALL-571,693016293964,97
ALG-ALL-571,693016293971,272
ALG-ALL-571,693016293988,334
ALG-ALL-571,693016293995,285
ALG-ALL-571,693016294008,160
ALG-ALL-571,693016294015,75
ALG-ALL-571,693016294022,28
ALG-ALL-574,693016548026,0
ALG-ALL-574,693016548033,8
ALG-ALL-574,693016548040,58
ALG-ALL-574,693016548057,97
ALG-ALL-574,693016548064,114
ALG-ALL-574,693016548071,134
ALG-ALL-574,693016548088,54
ALG-ALL-574,693016548095,15
ALG-ALL-574,693016548101,13
ALG-ALL-574,693016548118,0
ALG-ALL-576,693016571703,0
ALG-ALL-576,693016571710,15
ALG-ALL-576,693016571727,34
ALG-ALL-576,693016571734,33
ALG-ALL-576,693016571741,67
ALG-ALL-576,693016571758,44
ALG-ALL-576,693016571765,4
ALG-ALL-576,693016571772,14
ALG-ALL-576,693016571789,0
ALG-ALL-576,693016571796,0
ALG-ARI-346,693016580668,0
ALG-ARI-346,693016580675,20
ALG-ARI-346,693016580682,67
ALG-ARI-346,693016580699,101
ALG-ARI-346,693016580705,140
ALG-ARI-346,693016580712,148
ALG-ARI-346,693016580729,118
ALG-ARI-346,693016580736,94
ALG-ARI-346,693016580743,39
ALG-ARI-346,693016580750,0
ALG-ARI-601,693016580460,0
ALG-ARI-601,693016580477,7
ALG-ARI-601,693016580484,4
ALG-ARI-601,693016580491,0
ALG-ARI-601,693016580507,0
ALG-ARI-601,693016580514,5
ALG-ARI-601,693016580521,3
ALG-ARI-601,693016580538,0
ALG-ARI-601,693016580545,0
ALG-ARI-601,693016580552,0
ALG-ARI-882,693016580569,0
ALG-ARI-882,693016580576,13
ALG-ARI-882,693016580583,12
ALG-ARI-882,693016580590,42
ALG-ARI-882,693016580606,57
ALG-ARI-882,693016580613,51
ALG-ARI-882,693016580620,29
ALG-ARI-882,693016580637,0
ALG-ARI-882,693016580644,0
ALG-ARI-882,693016580651,0
ALG-AVA-101,693016291205,0
ALG-AVA-101,693016291212,0
ALG-AVA-101,693016291229,0
ALG-AVA-101,693016291236,0
ALG-AVA-101,693016291243,0
ALG-AVA-101,693016291250,0
ALG-AVA-101,693016291267,0
ALG-AVA-101,693016291274,0
ALG-AVA-601,693016291281,0
ALG-AVA-601,693016291298,0
ALG-AVA-601,693016291304,0
ALG-AVA-601,693016291311,0
ALG-AVA-601,693016291328,0
ALG-AVA-601,693016291335,0
ALG-AVA-601,693016291342,0
ALG-AVA-601,693016291359,0
ALG-AVR-601,693016291120,7
ALG-AVR-601,693016291137,16
ALG-AVR-601,693016291144,0
ALG-AVR-601,693016291151,0
ALG-AVR-601,693016291168,0
ALG-AVR-601,693016291175,0
ALG-AVR-601,693016291182,0
ALG-AVR-601,693016291199,0
ALG-BEL-101,693016288908,54
ALG-BEL-101,693016288915,177
ALG-BEL-101,693016288922,270
ALG-BEL-101,693016288939,381
ALG-BEL-101,693016288946,335
ALG-BEL-101,693016288953,201
ALG-BEL-101,693016288960,112
ALG-BEL-101,693016288977,121
ALG-BEL-139,693016586479,0
ALG-BEL-139,693016586486,13
ALG-BEL-139,693016586493,16
ALG-BEL-139,693016586509,41
ALG-BEL-139,693016586516,56
ALG-BEL-139,693016586523,79
ALG-BEL-139,693016586530,51
ALG-BEL-139,693016586547,23
ALG-BEL-139,693016586554,16
ALG-BEL-139,693016586561,0
ALG-BEL-180,693016289226,0
ALG-BEL-180,693016289233,0
ALG-BEL-180,693016289240,0
ALG-BEL-180,693016289257,0
ALG-BEL-180,693016289264,0
ALG-BEL-180,693016289271,0
ALG-BEL-180,693016289288,0
ALG-BEL-180,693016289295,0
ALG-BEL-316,693016572007,0
ALG-BEL-316,693016572014,32
ALG-BEL-316,693016572021,60
ALG-BEL-316,693016572038,81
ALG-BEL-316,693016572045,140
ALG-BEL-316,693016572052,108
ALG-BEL-316,693016572069,53
ALG-BEL-316,693016572076,36
ALG-BEL-316,693016572083,25
ALG-BEL-316,693016572090,0
ALG-BEL-385,693016548224,0
ALG-BEL-385,693016548231,10
ALG-BEL-385,693016548248,23
ALG-BEL-385,693016548255,13
ALG-BEL-385,693016548262,9
ALG-BEL-385,693016548279,19
ALG-BEL-385,693016548286,0
ALG-BEL-385,693016548293,0
ALG-BEL-385,693016548309,0
ALG-BEL-385,693016548316,0
ALG-BEL-391,693016509959,0
ALG-BEL-391,693016509966,55
ALG-BEL-391,693016509973,107
ALG-BEL-391,693016509980,173
ALG-BEL-391,693016509997,198
ALG-BEL-391,693016510009,217
ALG-BEL-391,693016510016,131
ALG-BEL-391,693016510023,109
ALG-BEL-391,693016510030,71
ALG-BEL-391,693016510047,0
ALG-BEL-442,693016586370,0
ALG-BEL-442,693016586387,12
ALG-BEL-442,693016586394,35
ALG-BEL-442,693016586400,96
ALG-BEL-442,693016586417,137
ALG-BEL-442,693016586424,136
ALG-BEL-442,693016586431,93
ALG-BEL-442,693016586448,57
ALG-BEL-442,693016586455,38
ALG-BEL-442,693016586462,0
ALG-BEL-521,693016571901,0
ALG-BEL-521,693016571918,5
ALG-BEL-521,693016571925,5
ALG-BEL-521,693016571932,21
ALG-BEL-521,693016571949,0
ALG-BEL-521,693016571956,28
ALG-BEL-521,693016571963,0
ALG-BEL-521,693016571970,0
ALG-BEL-521,693016571987,0
ALG-BEL-521,693016571994,0
ALG-BEL-780,693016586271,0
ALG-BEL-780,693016586288,29
ALG-BEL-780,693016586295,57
ALG-BEL-780,693016586301,107
ALG-BEL-780,693016586318,188
ALG-BEL-780,693016586325,181
ALG-BEL-780,693016586332,119
ALG-BEL-780,693016586349,70
ALG-BEL-780,693016586356,56
ALG-BEL-780,693016586363,0
ALG-CAM-138,693016594375,0
ALG-CAM-138,693016594382,7
ALG-CAM-138,693016594399,31
ALG-CAM-138,693016594405,61
ALG-CAM-138,693016594412,94
ALG-CAM-138,693016594429,80
ALG-CAM-138,693016594436,57
ALG-CAM-138,693016594443,25
ALG-CAM-138,693016594450,15
ALG-CAM-138,693016594467,0
ALG-CAM-140,693016594474,0
ALG-CAM-140,693016594481,15
ALG-CAM-140,693016594498,55
ALG-CAM-140,693016594504,148
ALG-CAM-140,693016594511,234
ALG-CAM-140,693016594528,192
ALG-CAM-140,693016594535,115
ALG-CAM-140,693016594542,49
ALG-CAM-140,693016594559,36
ALG-CAM-140,693016594566,0
ALG-CAM-252,693016594573,0
ALG-CAM-252,693016594580,24
ALG-CAM-252,693016594597,84
ALG-CAM-252,693016594603,170
ALG-CAM-252,693016594610,246
ALG-CAM-252,693016594627,200
ALG-CAM-252,693016594634,105
ALG-CAM-252,693016594641,50
ALG-CAM-252,693016594658,37
ALG-CAM-252,693016594665,0
ALG-CAM-372,693016594276,0
ALG-CAM-372,693016594283,17
ALG-CAM-372,693016594290,59
ALG-CAM-372,693016594306,137
ALG-CAM-372,693016594313,196
ALG-CAM-372,693016594320,167
ALG-CAM-372,693016594337,102
ALG-CAM-372,693016594344,36
ALG-CAM-372,693016594351,30
ALG-CAM-372,693016594368,0
ALG-CAM-791,693016601677,0
ALG-CAM-791,693016601684,13
ALG-CAM-791,693016601691,32
ALG-CAM-791,693016601707,80
ALG-CAM-791,693016601714,133
ALG-CAM-791,693016601721,134
ALG-CAM-791,693016601738,69
ALG-CAM-791,693016601745,19
ALG-CAM-791,693016601752,8
ALG-CAM-791,693016601769,0
ALG-CAR-139C,693016593170,0
ALG-CAR-139C,693016593187,20
ALG-CAR-139C,693016593194,63
ALG-CAR-139C,693016593200,159
ALG-CAR-139C,693016593217,239
ALG-CAR-139C,693016593224,145
ALG-CAR-139C,693016593231,88
ALG-CAR-139C,693016593248,32
ALG-CAR-139C,693016593255,37
ALG-CAR-139C,693016593262,0
ALG-CAR-372,693016592371,0
ALG-CAR-372,693016592388,18
ALG-CAR-372,693016592395,96
ALG-CAR-372,693016592401,204
ALG-CAR-372,693016592418,293
ALG-CAR-372,693016592425,220
ALG-CAR-372,693016592432,147
ALG-CAR-372,693016592449,63
ALG-CAR-372,693016592456,45
ALG-CAR-372,693016592463,0
ALG-CAR-485,693016593071,0
ALG-CAR-485,693016593088,35
ALG-CAR-485,693016593095,127
ALG-CAR-485,693016593101,311
ALG-CAR-485,693016593118,460
ALG-CAR-485,693016593125,330
ALG-CAR-485,693016593132,166
ALG-CAR-485,693016593149,70
ALG-CAR-485,693016593156,40
ALG-CAR-485,693016593163,0
ALG-CAR-529,693016592678,0
ALG-CAR-529,693016592685,15
ALG-CAR-529,693016592692,22
ALG-CAR-529,693016592708,81
ALG-CAR-529,693016592715,116
ALG-CAR-529,693016592722,91
ALG-CAR-529,693016592739,51
ALG-CAR-529,693016592746,25
ALG-CAR-529,693016592753,9
ALG-CAR-529,693016592760,0
ALG-CAR-532,693016554423,0
ALG-CAR-532,693016554430,17
ALG-CAR-532,693016554447,63
ALG-CAR-532,693016554454,134
ALG-CAR-532,693016554461,239
ALG-CAR-532,693016554478,211
ALG-CAR-532,693016554485,130
ALG-CAR-532,693016554492,71
ALG-CAR-532,693016554508,18
ALG-CAR-532,693016554515,0
ALG-CAR-601,693016496457,0
ALG-CAR-601,693016265152,0
ALG-CAR-601,693016265169,0
ALG-CAR-601,693016265176,0
ALG-CAR-601,693016265183,0
ALG-CAR-601,693016265190,0
ALG-CAR-601,693016265206,0
ALG-CAR-601,693016265213,0
ALG-CAR-601,693016265220,0
ALG-CAR-601,693016496464,0
ALG-CAR-713,693016592975,0
ALG-CAR-713,693016592982,31
ALG-CAR-713,693016592999,66
ALG-CAR-713,693016593002,217
ALG-CAR-713,693016593019,326
ALG-CAR-713,693016593026,287
ALG-CAR-713,693016593033,153
ALG-CAR-713,693016593040,53
ALG-CAR-713,693016593057,78
ALG-CAR-713,693016593064,0
ALG-CAR-781,693016592470,0
ALG-CAR-781,693016592487,12
ALG-CAR-781,693016592494,8
ALG-CAR-781,693016592500,78
ALG-CAR-781,693016592517,145
ALG-CAR-781,693016592524,107
ALG-CAR-781,693016592531,40
ALG-CAR-781,693016592548,0
ALG-CAR-781,693016592555,8
ALG-CAR-781,693016592562,0
ALG-CAR-851,693016592777,0
ALG-CAR-851,693016592784,25
ALG-CAR-851,693016592791,54
ALG-CAR-851,693016592807,178
ALG-CAR-851,693016592814,239
ALG-CAR-851,693016592821,201
ALG-CAR-851,693016592838,128
ALG-CAR-851,693016592845,48
ALG-CAR-851,693016592852,36
ALG-CAR-851,693016592869,0
ALG-CAR-852,693016592876,0
ALG-CAR-852,693016592883,36
ALG-CAR-852,693016592890,77
ALG-CAR-852,693016592906,237
ALG-CAR-852,693016592913,336
ALG-CAR-852,693016592920,274
ALG-CAR-852,693016592937,177
ALG-CAR-852,693016592944,55
ALG-CAR-852,693016592951,72
ALG-CAR-852,693016592968,0
ALG-CAR-882,693016592579,0
ALG-CAR-882,693016592586,20
ALG-CAR-882,693016592593,22
ALG-CAR-882,693016592609,117
ALG-CAR-882,693016592616,195
ALG-CAR-882,693016592623,174
ALG-CAR-882,693016592630,63
ALG-CAR-882,693016592647,17
ALG-CAR-882,693016592654,52
ALG-CAR-882,693016592661,0
ALG-CIN-324,693016385102,0
ALG-CIN-324,693016385119,0
ALG-CIN-324,693016385126,0
ALG-CIN-324,693016385133,0
ALG-CIN-324,693016385140,0
ALG-CIN-324,693016385157,0
ALG-CIN-324,693016385164,0
ALG-CIN-324,693016385171,0
ALG-CIN-324,693016385188,0
ALG-CIN-324,693016385195,0
ALG-COL-139,693016593972,0
ALG-COL-139,693016593989,0
ALG-COL-139,693016593996,23
ALG-COL-139,693016594009,47
ALG-COL-139,693016594016,79
ALG-COL-139,693016594023,54
ALG-COL-139,693016594030,31
ALG-COL-139,693016594047,4
ALG-COL-139,693016594054,0
ALG-COL-139,693016594061,0
ALG-COL-665,693016593774,0
ALG-COL-665,693016593781,8
ALG-COL-665,693016593798,17
ALG-COL-665,693016593804,33
ALG-COL-665,693016593811,52
ALG-COL-665,693016593828,41
ALG-COL-665,693016593835,12
ALG-COL-665,693016593842,0
ALG-COL-665,693016593859,0
ALG-COL-665,693016593866,0
ALG-COL-667,693016593873,0
ALG-COL-667,693016593880,10
ALG-COL-667,693016593897,22
ALG-COL-667,693016593903,79
ALG-COL-667,693016593910,143
ALG-COL-667,693016593927,119
ALG-COL-667,693016593934,65
ALG-COL-667,693016593941,7
ALG-COL-667,693016593958,26
ALG-COL-667,693016593965,0
ALG-COL-781,693016594078,0
ALG-COL-781,693016594085,9
ALG-COL-781,693016594092,21
ALG-COL-781,693016594108,51
ALG-COL-781,693016594115,155
ALG-COL-781,693016594122,144
ALG-COL-781,693016594139,75
ALG-COL-781,693016594146,0
ALG-COL-781,693016594153,18
ALG-COL-781,693016594160,0
ALG-DAY-238,693016571604,0
ALG-DAY-238,693016571611,11
ALG-DAY-238,693016571628,22
ALG-DAY-238,693016571635,33
ALG-DAY-238,693016571642,66
ALG-DAY-238,693016571659,62
ALG-DAY-238,693016571666,43
ALG-DAY-238,693016571673,6
ALG-DAY-238,693016571680,0
ALG-DAY-238,693016571697,0
ALG-DAY-327,693016547425,0
ALG-DAY-327,693016547432,17
ALG-DAY-327,693016547449,26
ALG-DAY-327,693016547456,27
ALG-DAY-327,693016547463,27
ALG-DAY-327,693016547470,52
ALG-DAY-327,693016547487,21
ALG-DAY-327,693016547494,31
ALG-DAY-327,693016547500,3
ALG-DAY-327,693016547517,0
ALG-DAY-447,693016587179,0
ALG-DAY-447,693016587186,20
ALG-DAY-447,693016587193,65
ALG-DAY-447,693016587209,117
ALG-DAY-447,693016587216,191
ALG-DAY-447,693016587223,198
ALG-DAY-447,693016587230,153
ALG-DAY-447,693016587247,95
ALG-DAY-447,693016587254,57
ALG-DAY-447,693016587261,0
ALG-DAY-553,693016571505,0
ALG-DAY-553,693016571512,11
ALG-DAY-553,693016571529,62
ALG-DAY-553,693016571536,107
ALG-DAY-553,693016571543,184
ALG-DAY-553,693016571550,182
ALG-DAY-553,693016571567,112
ALG-DAY-553,693016571574,79
ALG-DAY-553,693016571581,41
ALG-DAY-553,693016571598,0
ALG-DAY-601,693016267248,56
ALG-DAY-601,693016267255,142
ALG-DAY-601,693016267262,265
ALG-DAY-601,693016267279,396
ALG-DAY-601,693016267286,403
ALG-DAY-601,693016267293,288
ALG-DAY-601,693016267309,182
ALG-DAY-601,693016267316,67
ALG-DEB-140,693016586974,5
ALG-DEB-140,693016586981,29
ALG-DEB-140,693016586998,57
ALG-DEB-140,693016587001,161
ALG-DEB-140,693016587018,231
ALG-DEB-140,693016587025,265
ALG-DEB-140,693016587032,173
ALG-DEB-140,693016587049,76
ALG-DEB-140,693016587056,71
ALG-DEB-140,693016587063,7
ALG-DEB-141,693016586875,4
ALG-DEB-141,693016586882,22
ALG-DEB-141,693016586899,31
ALG-DEB-141,693016586905,107
ALG-DEB-141,693016586912,175
ALG-DEB-141,693016586929,200
ALG-DEB-141,693016586936,163
ALG-DEB-141,693016586943,94
ALG-DEB-141,693016586950,66
ALG-DEB-141,693016586967,0
ALG-DEB-447,693016587070,6
ALG-DEB-447,693016587087,15
ALG-DEB-447,693016587094,37
ALG-DEB-447,693016587100,54
ALG-DEB-447,693016587117,102
ALG-DEB-447,693016587124,110
ALG-DEB-447,693016587131,90
ALG-DEB-447,693016587148,50
ALG-DEB-447,693016587155,27
ALG-DEB-447,693016587162,0
ALG-DEB-480,693016506057,0
ALG-DEB-480,693016506064,9
ALG-DEB-480,693016506071,0
ALG-DEB-480,693016506088,0
ALG-DEB-480,693016506095,0
ALG-DEB-480,693016506101,0
ALG-DEB-480,693016506118,0
ALG-DEB-480,693016506125,0
ALG-DEB-480,693016506132,0
ALG-DEB-480,693016506149,0
ALG-DEB-484,693016534784,7
ALG-DEB-484,693016534791,40
ALG-DEB-484,693016534807,68
ALG-DEB-484,693016534814,71
ALG-DEB-484,693016534821,89
ALG-DEB-484,693016534838,175
ALG-DEB-484,693016534845,113
ALG-DEB-484,693016534852,45
ALG-DEB-484,693016534869,53
ALG-DEB-484,693016534876,29
ALG-DEB-531,693016272440,61
ALG-DEB-531,693016272457,177
ALG-DEB-531,693016272464,293
ALG-DEB-531,693016272471,437
ALG-DEB-531,693016272488,445
ALG-DEB-531,693016272495,294
ALG-DEB-531,693016272501,229
ALG-DEB-531,693016272518,54
ALG-DEB-531,693016313402,27
ALG-DEB-531,693016313419,8
ALG-DEB-600,693016213887,2
ALG-DEB-600,693016213894,33
ALG-DEB-600,693016213900,0
ALG-DEB-600,693016213917,139
ALG-DEB-600,693016213924,161
ALG-DEB-600,693016213931,125
ALG-DEB-600,693016213948,80
ALG-DEB-600,693016213955,45
ALG-DEB-600,693016277353,12
ALG-DEB-600,693016313426,30
ALG-DEB-601,693016213962,72
ALG-DEB-601,693016213979,196
ALG-DEB-601,693016213986,445
ALG-DEB-601,693016213993,644
ALG-DEB-601,693016214006,716
ALG-DEB-601,693016214013,376
ALG-DEB-601,693016214020,254
ALG-DEB-601,693016214037,108
ALG-DEB-601,693016277360,23
ALG-DEB-601,693016313433,58
ALG-DEB-654,693016570904,2
ALG-DEB-654,693016570911,0
ALG-DEB-654,693016570928,0
ALG-DEB-654,693016570935,0
ALG-DEB-654,693016570942,0
ALG-DEB-654,693016570959,0
ALG-DEB-654,693016570966,0
ALG-DEB-654,693016570973,0
ALG-DEB-654,693016570980,0
ALG-DEB-654,693016570997,0
ALG-DEB-777,693016570706,17
ALG-DEB-777,693016570713,81
ALG-DEB-777,693016570720,202
ALG-DEB-777,693016570737,322
ALG-DEB-777,693016570744,460
ALG-DEB-777,693016570751,413
ALG-DEB-777,693016570768,321
ALG-DEB-777,693016570775,284
ALG-DEB-777,693016570782,150
ALG-DEB-777,693016570799,20
ALG-DEB-783,693016570805,7
ALG-DEB-783,693016570812,20
ALG-DEB-783,693016570829,28
ALG-DEB-783,693016570836,30
ALG-DEB-783,693016570843,73
ALG-DEB-783,693016570850,80
ALG-DEB-783,693016570867,44
ALG-DEB-783,693016570874,7
ALG-DEB-783,693016570881,10
ALG-DEB-783,693016570898,2
ALG-DEB-810,693016303434,0
ALG-DEB-810,693016303441,0
ALG-DEB-810,693016303458,0
ALG-DEB-810,693016303465,0
ALG-DEB-810,693016303472,0
ALG-DEB-810,693016303489,0
ALG-DEB-810,693016303496,0
ALG-DEB-810,693016303502,0
ALG-DYL-422,693016574605,0
ALG-DYL-422,693016574612,0
ALG-DYL-422,693016574629,0
ALG-DYL-422,693016574636,0
ALG-DYL-422,693016574643,0
ALG-DYL-422,693016574650,2
ALG-DYL-422,693016574667,0
ALG-DYL-422,693016574674,0
ALG-DYL-422,693016574681,0
ALG-DYL-422,693016574698,0
ALG-DYL-601,693016574407,0
ALG-DYL-601,693016574414,0
ALG-DYL-601,693016574421,0
ALG-DYL-601,693016574438,0
ALG-DYL-601,693016574445,0
ALG-DYL-601,693016574452,0
ALG-DYL-601,693016574469,0
ALG-DYL-601,693016574476,0
ALG-DYL-601,693016574483,0
ALG-DYL-601,693016574490,0
ALG-DYL-882,693016574506,0
ALG-DYL-882,693016574513,0
ALG-DYL-882,693016574520,0
ALG-DYL-882,693016574537,0
ALG-DYL-882,693016574544,2
ALG-DYL-882,693016574551,5
ALG-DYL-882,693016574568,3
ALG-DYL-882,693016574575,0
ALG-DYL-882,693016574582,0
ALG-DYL-882,693016574599,0
ALG-ELI-425,693016577620,0
ALG-ELI-425,693016577637,0
ALG-ELI-425,693016577644,0
ALG-ELI-425,693016577651,0
ALG-ELI-425,693016577668,0
ALG-ELI-425,693016577675,0
ALG-ELI-425,693016577682,0
ALG-ELI-425,693016577699,0
ALG-ELI-425,693016577705,0
ALG-ELI-425,693016577712,0
ALG-ELI-552,693016577521,0
ALG-ELI-552,693016577538,0
ALG-ELI-552,693016577545,0
ALG-ELI-552,693016577552,0
ALG-ELI-552,693016577569,0
ALG-ELI-552,693016577576,0
ALG-ELI-552,693016577583,0
ALG-ELI-552,693016577590,0
ALG-ELI-552,693016577606,0
ALG-ELI-552,693016577613,0
ALG-ELI-747,693016577422,0
ALG-ELI-747,693016577439,0
ALG-ELI-747,693016577446,0
ALG-ELI-747,693016577453,0
ALG-ELI-747,693016577460,0
ALG-ELI-747,693016577477,3
ALG-ELI-747,693016577484,0
ALG-ELI-747,693016577491,0
ALG-ELI-747,693016577507,0
ALG-ELI-747,693016577514,0
ALG-ELL-541,693016538980,0
ALG-ELL-541,693016538997,16
ALG-ELL-541,693016539000,56
ALG-ELL-541,693016539017,63
ALG-ELL-541,693016539024,105
ALG-ELL-541,693016539031,76
ALG-ELL-541,693016539048,102
ALG-ELL-541,693016539055,54
ALG-ELL-541,693016539062,40
ALG-ELL-541,693016539079,0
ALG-ELL-551,693016511051,0
ALG-ELL-551,693016511068,36
ALG-ELL-551,693016511075,31
ALG-ELL-551,693016511082,51
ALG-ELL-551,693016511099,93
ALG-ELL-551,693016511105,77
ALG-ELL-551,693016511112,30
ALG-ELL-551,693016511129,44
ALG-ELL-551,693016511136,20
ALG-ELL-551,693016511143,0
ALG-ELL-601,693016386208,0
ALG-ELL-601,693016386215,11
ALG-ELL-601,693016386222,12
ALG-ELL-601,693016386239,22
ALG-ELL-601,693016386246,50
ALG-ELL-601,693016386253,49
ALG-ELL-601,693016386260,30
ALG-ELL-601,693016386277,33
ALG-ELL-601,693016386284,25
ALG-ELL-601,693016386291,0
ALG-ESS-314,693016581269,0
ALG-ESS-314,693016581276,29
ALG-ESS-314,693016581283,74
ALG-ESS-314,693016581290,124
ALG-ESS-314,693016581306,187
ALG-ESS-314,693016581313,173
ALG-ESS-314,693016581320,104
ALG-ESS-314,693016581337,52
ALG-ESS-314,693016581344,28
ALG-ESS-314,693016581351,0
ALG-ESS-389,693016576029,0
ALG-ESS-389,693016576036,13
ALG-ESS-389,693016576043,54
ALG-ESS-389,693016576050,95
ALG-ESS-389,693016576067,159
ALG-ESS-389,693016576074,165
ALG-ESS-389,693016576081,105
ALG-ESS-389,693016576098,78
ALG-ESS-389,693016576104,39
ALG-ESS-389,693016576111,0
ALG-ESS-424,693016589876,0
ALG-ESS-424,693016589883,16
ALG-ESS-424,693016589890,70
ALG-ESS-424,693016589906,155
ALG-ESS-424,693016589913,211
ALG-ESS-424,693016589920,194
ALG-ESS-424,693016589937,138
ALG-ESS-424,693016589944,87
ALG-ESS-424,693016589951,54
ALG-ESS-424,693016589968,0
ALG-ESS-557,693016530588,0
ALG-ESS-557,693016530595,49
ALG-ESS-557,693016530601,81
ALG-ESS-557,693016530618,143
ALG-ESS-557,693016530625,168
ALG-ESS-557,693016530632,184
ALG-ESS-557,693016530649,131
ALG-ESS-557,693016530656,81
ALG-ESS-557,693016530663,43
ALG-ESS-557,693016530670,0
ALG-ESS-601,693016589975,0
ALG-ESS-601,693016589982,19
ALG-ESS-601,693016589999,41
ALG-ESS-601,693016590001,95
ALG-ESS-601,693016590018,129
ALG-ESS-601,693016590025,128
ALG-ESS-601,693016590032,87
ALG-ESS-601,693016590049,62
ALG-ESS-601,693016590056,30
ALG-ESS-601,693016590063,0
ALG-ESS-747,693016575824,0
ALG-ESS-747,693016575831,28
ALG-ESS-747,693016575848,103
ALG-ESS-747,693016575855,103
ALG-ESS-747,693016575862,151
ALG-ESS-747,693016575879,154
ALG-ESS-747,693016575886,105
ALG-ESS-747,693016575893,65
ALG-ESS-747,693016575909,30
ALG-ESS-747,693016575916,0
ALG-ESS-759,693016576128,0
ALG-ESS-759,693016576135,27
ALG-ESS-759,693016576142,61
ALG-ESS-759,693016576159,88
ALG-ESS-759,693016576166,117
ALG-ESS-759,693016576173,126
ALG-ESS-759,693016576180,89
ALG-ESS-759,693016576197,44
ALG-ESS-759,693016576203,30
ALG-ESS-759,693016576210,0
ALG-ESS-822,693016589678,0
ALG-ESS-822,693016589685,14
ALG-ESS-822,693016589692,47
ALG-ESS-822,693016589708,92
ALG-ESS-822,693016589715,124
ALG-ESS-822,693016589722,133
ALG-ESS-822,693016589739,94
ALG-ESS-822,693016589746,63
ALG-ESS-822,693016589753,46
ALG-ESS-822,693016589760,0
ALG-ESS-921,693016575923,0
ALG-ESS-921,693016575930,24
ALG-ESS-921,693016575947,80
ALG-ESS-921,693016575954,99
ALG-ESS-921,693016575961,203
ALG-ESS-921,693016575978,211
ALG-ESS-921,693016575985,168
ALG-ESS-921,693016575992,134
ALG-ESS-921,693016576005,67
ALG-ESS-921,693016576012,0
ALG-ESS-924,693016589777,0
ALG-ESS-924,693016589784,21
ALG-ESS-924,693016589791,80
ALG-ESS-924,693016589807,169
ALG-ESS-924,693016589814,260
ALG-ESS-924,693016589821,259
ALG-ESS-924,693016589838,194
ALG-ESS-924,693016589845,125
ALG-ESS-924,693016589852,71
ALG-ESS-924,693016589869,0
ALG-FLA-119,693016589210,0
ALG-FLA-119,693016589227,0
ALG-FLA-119,693016589234,0
ALG-FLA-119,693016589241,0
ALG-FLA-119,693016589258,0
ALG-FLA-119,693016589265,0
ALG-FLA-119,693016589272,0
ALG-FLA-119,693016589289,0
ALG-FLA-119,693016589296,0
ALG-FLA-119,693016589302,0
ALG-FLA-119,693016589319,0
ALG-FLA-119,693016589326,0
ALG-FLA-238,693016578641,2
ALG-FLA-238,693016578658,11
ALG-FLA-238,693016578665,14
ALG-FLA-238,693016578672,17
ALG-FLA-238,693016578689,26
ALG-FLA-238,693016578696,51
ALG-FLA-238,693016578702,33
ALG-FLA-238,693016578719,41
ALG-FLA-238,693016578726,41
ALG-FLA-238,693016578733,35
ALG-FLA-238,693016578740,31
ALG-FLA-238,693016578757,23
ALG-FLA-315,693016578764,3
ALG-FLA-315,693016578771,22
ALG-FLA-315,693016578788,13
ALG-FLA-315,693016578795,31
ALG-FLA-315,693016578801,65
ALG-FLA-315,693016578818,106
ALG-FLA-315,693016578825,88
ALG-FLA-315,693016578832,118
ALG-FLA-315,693016578849,84
ALG-FLA-315,693016578856,92
ALG-FLA-315,693016578863,69
ALG-FLA-315,693016578870,64
ALG-FLA-518D,693016588978,0
ALG-FLA-518D,693016588985,0
ALG-FLA-518D,693016588992,0
ALG-FLA-518D,693016589005,0
ALG-FLA-518D,693016589012,0
ALG-FLA-518D,693016589029,0
ALG-FLA-518D,693016589036,0
ALG-FLA-518D,693016589043,0
ALG-FLA-518D,693016589050,0
ALG-FLA-518D,693016589067,0
ALG-FLA-518D,693016589074,0
ALG-FLA-518D,693016589081,0
ALG-FLA-553,693016578528,0
ALG-FLA-553,693016578535,28
ALG-FLA-553,693016578542,19
ALG-FLA-553,693016578559,54
ALG-FLA-553,693016578566,80
ALG-FLA-553,693016578573,172
ALG-FLA-553,693016578580,128
ALG-FLA-553,693016578597,182
ALG-FLA-553,693016578603,119
ALG-FLA-553,693016578610,148
ALG-FLA-553,693016578627,92
ALG-FLA-553,693016578634,99
ALG-FLA-601,693016578887,0
ALG-FLA-601,693016578894,16
ALG-FLA-601,693016578900,12
ALG-FLA-601,693016578917,15
ALG-FLA-601,693016578924,24
ALG-FLA-601,693016578931,74
ALG-FLA-601,693016578948,54
ALG-FLA-601,693016578955,83
ALG-FLA-601,693016578962,50
ALG-FLA-601,693016578979,82
ALG-FLA-601,693016578986,46
ALG-FLA-601,693016578993,32
ALG-FLA-823,693016589098,0
ALG-FLA-823,693016589104,0
ALG-FLA-823,693016589111,0
ALG-FLA-823,693016589128,0
ALG-FLA-823,693016589135,0
ALG-FLA-823,693016589142,0
ALG-FLA-823,693016589159,0
ALG-FLA-823,693016589166,0
ALG-FLA-823,693016589173,0
ALG-FLA-823,693016589180,0
ALG-FLA-823,693016589197,0
ALG-FLA-823,693016589203,0
ALG-FLI-104,693016589456,0
ALG-FLI-104,693016589463,0
ALG-FLI-104,693016589470,0
ALG-FLI-104,693016589487,0
ALG-FLI-104,693016589494,0
ALG-FLI-104,693016589500,0
ALG-FLI-104,693016589517,0
ALG-FLI-104,693016589524,0
ALG-FLI-104,693016589531,0
ALG-FLI-104,693016589548,0
ALG-FLI-104,693016589555,0
ALG-FLI-104,693016589562,0
ALG-FLI-117,693016589333,0
ALG-FLI-117,693016589340,0
ALG-FLI-117,693016589357,0
ALG-FLI-117,693016589364,0
ALG-FLI-117,693016589371,0
ALG-FLI-117,693016589388,0
ALG-FLI-117,693016589395,0
ALG-FLI-117,693016589401,0
ALG-FLI-117,693016589418,0
ALG-FLI-117,693016589425,0
ALG-FLI-117,693016589432,0
ALG-FLI-117,693016589449,0
ALG-FLI-214,693016552320,0
ALG-FLI-214,693016552337,0
ALG-FLI-214,693016552344,0
ALG-FLI-214,693016552351,0
ALG-FLI-214,693016552368,0
ALG-FLI-214,693016552375,0
ALG-FLI-214,693016552382,0
ALG-FLI-214,693016552399,0
ALG-FLI-214,693016552405,0
ALG-FLI-214,693016552412,0
ALG-FLI-530,693016579600,0
ALG-FLI-530,693016579617,9
ALG-FLI-530,693016579624,0
ALG-FLI-530,693016579631,0
ALG-FLI-530,693016579648,0
ALG-FLI-530,693016579655,32
ALG-FLI-530,693016579662,17
ALG-FLI-530,693016579679,54
ALG-FLI-530,693016579686,23
ALG-FLI-530,693016579693,56
ALG-FLI-530,693016579709,24
ALG-FLI-530,693016579716,30
ALG-FLI-532,693016579488,0
ALG-FLI-532,693016579495,6
ALG-FLI-532,693016579501,7
ALG-FLI-532,693016579518,15
ALG-FLI-532,693016579525,23
ALG-FLI-532,693016579532,50
ALG-FLI-532,693016579549,42
ALG-FLI-532,693016579556,60
ALG-FLI-532,693016579563,36
ALG-FLI-532,693016579570,51
ALG-FLI-532,693016579587,27
ALG-FLI-532,693016579594,34
ALG-FLI-601,693016579365,0
ALG-FLI-601,693016579372,3
ALG-FLI-601,693016579389,0
ALG-FLI-601,693016579396,7
ALG-FLI-601,693016579402,6
ALG-FLI-601,693016579419,43
ALG-FLI-601,693016579426,27
ALG-FLI-601,693016579433,54
ALG-FLI-601,693016579440,22
ALG-FLI-601,693016579457,51
ALG-FLI-601,693016579464,25
ALG-FLI-601,693016579471,31
ALG-FRA-601,693016579129,0
ALG-FRA-601,693016579136,14
ALG-FRA-601,693016579143,0
ALG-FRA-601,693016579150,25
ALG-FRA-601,693016579167,23
ALG-FRA-601,693016579174,90
ALG-FRA-601,693016579181,49
ALG-FRA-601,693016579198,91
ALG-FRA-601,693016579204,57
ALG-FRA-601,693016579211,86
ALG-FRA-601,693016579228,46
ALG-FRA-601,693016579235,47
ALG-FRA-883,693016579242,0
ALG-FRA-883,693016579259,17
ALG-FRA-883,693016579266,0
ALG-FRA-883,693016579273,14
ALG-FRA-883,693016579280,19
ALG-FRA-883,693016579297,54
ALG-FRA-883,693016579303,31
ALG-FRA-883,693016579310,68
ALG-FRA-883,693016579327,34
ALG-FRA-883,693016579334,57
ALG-FRA-883,693016579341,34
ALG-FRA-883,693016579358,37
ALG-GLE-140,693016590971,0
ALG-GLE-140,693016590988,21
ALG-GLE-140,693016590995,40
ALG-GLE-140,693016591008,91
ALG-GLE-140,693016591015,144
ALG-GLE-140,693016591022,145
ALG-GLE-140,693016591039,107
ALG-GLE-140,693016591046,61
ALG-GLE-140,693016591053,50
ALG-GLE-140,693016591060,0
ALG-GLE-356,693016591077,0
ALG-GLE-356,693016591084,13
ALG-GLE-356,693016591091,29
ALG-GLE-356,693016591107,67
ALG-GLE-356,693016591114,126
ALG-GLE-356,693016591121,125
ALG-GLE-356,693016591138,92
ALG-GLE-356,693016591145,51
ALG-GLE-356,693016591152,45
ALG-GLE-356,693016591169,0
ALG-GLE-389,693016576821,0
ALG-GLE-389,693016576838,19
ALG-GLE-389,693016576845,45
ALG-GLE-389,693016576852,72
ALG-GLE-389,693016576869,151
ALG-GLE-389,693016576876,161
ALG-GLE-389,693016576883,80
ALG-GLE-389,693016576890,36
ALG-GLE-389,693016576906,38
ALG-GLE-389,693016576913,0
ALG-GLE-518,693016590872,0
ALG-GLE-518,693016590889,17
ALG-GLE-518,693016590896,60
ALG-GLE-518,693016590902,107
ALG-GLE-518,693016590919,171
ALG-GLE-518,693016590926,166
ALG-GLE-518,693016590933,122
ALG-GLE-518,693016590940,84
ALG-GLE-518,693016590957,52
ALG-GLE-518,693016590964,0
ALG-GLE-520,693016590773,0
ALG-GLE-520,693016590780,15
ALG-GLE-520,693016590797,46
ALG-GLE-520,693016590803,89
ALG-GLE-520,693016590810,127
ALG-GLE-520,693016590827,136
ALG-GLE-520,693016590834,109
ALG-GLE-520,693016590841,71
ALG-GLE-520,693016590858,40
ALG-GLE-520,693016590865,0
ALG-GLE-542,693016576920,0
ALG-GLE-542,693016576937,45
ALG-GLE-542,693016576944,80
ALG-GLE-542,693016576951,214
ALG-GLE-542,693016576968,411
ALG-GLE-542,693016576975,370
ALG-GLE-542,693016576982,252
ALG-GLE-542,693016576999,163
ALG-GLE-542,693016577002,58
ALG-GLE-542,693016577019,0
ALG-GLE-601,693016576326,0
ALG-GLE-601,693016576333,24
ALG-GLE-601,693016576340,55
ALG-GLE-601,693016576357,108
ALG-GLE-601,693016576364,179
ALG-GLE-601,693016576371,141
ALG-GLE-601,693016576388,67
ALG-GLE-601,693016576395,22
ALG-GLE-601,693016576401,14
ALG-GLE-601,693016576418,0
ALG-GLE-681,693016590674,0
ALG-GLE-681,693016590681,10
ALG-GLE-681,693016590698,40
ALG-GLE-681,693016590704,76
ALG-GLE-681,693016590711,144
ALG-GLE-681,693016590728,145
ALG-GLE-681,693016590735,93
ALG-GLE-681,693016590742,61
ALG-GLE-681,693016590759,45
ALG-GLE-681,693016590766,0
ALG-GLE-713,693016576425,0
ALG-GLE-713,693016576432,24
ALG-GLE-713,693016576449,49
ALG-GLE-713,693016576456,98
ALG-GLE-713,693016576463,157
ALG-GLE-713,693016576470,139
ALG-GLE-713,693016576487,88
ALG-GLE-713,693016576494,54
ALG-GLE-713,693016576500,25
ALG-GLE-713,693016576517,0
ALG-GLE-760,693016576524,0
ALG-GLE-760,693016576531,31
ALG-GLE-760,693016576548,14
ALG-GLE-760,693016576555,73
ALG-GLE-760,693016576562,269
ALG-GLE-760,693016576579,232
ALG-GLE-760,693016576586,101
ALG-GLE-760,693016576593,61
ALG-GLE-760,693016576609,30
ALG-GLE-760,693016576616,0
ALG-HAN-316,693016578221,0
ALG-HAN-316,693016578238,0
ALG-HAN-316,693016578245,0
ALG-HAN-316,693016578252,0
ALG-HAN-316,693016578269,0
ALG-HAN-316,693016578276,0
ALG-HAN-316,693016578283,0
ALG-HAN-316,693016578290,0
ALG-HAN-316,693016578306,0
ALG-HAN-316,693016578313,0
ALG-HAN-747,693016578429,0
ALG-HAN-747,693016578436,0
ALG-HAN-747,693016578443,0
ALG-HAN-747,693016578450,0
ALG-HAN-747,693016578467,0
ALG-HAN-747,693016578474,0
ALG-HAN-747,693016578481,0
ALG-HAN-747,693016578498,2
ALG-HAN-747,693016578504,0
ALG-HAN-747,693016578511,0
ALG-HAN-821,693016578320,0
ALG-HAN-821,693016578337,0
ALG-HAN-821,693016578344,0
ALG-HAN-821,693016578351,0
ALG-HAN-821,693016578368,0
ALG-HAN-821,693016578375,0
ALG-HAN-821,693016578382,0
ALG-HAN-821,693016578399,8
ALG-HAN-821,693016578405,2
ALG-HAN-821,693016578412,0
ALG-IND-429,693016578023,0
ALG-IND-429,693016578030,0
ALG-IND-429,693016578047,0
ALG-IND-429,693016578054,0
ALG-IND-429,693016578061,0
ALG-IND-429,693016578078,0
ALG-IND-429,693016578085,0
ALG-IND-429,693016578092,0
ALG-IND-429,693016578108,0
ALG-IND-429,693016578115,0
ALG-IND-554,693016577927,0
ALG-IND-554,693016577934,15
ALG-IND-554,693016577941,0
ALG-IND-554,693016577958,0
ALG-IND-554,693016577965,0
ALG-IND-554,693016577972,0
ALG-IND-554,693016577989,0
ALG-IND-554,693016577996,0
ALG-IND-554,693016578009,0
ALG-IND-554,693016578016,0
ALG-IND-601,693016577729,0
ALG-IND-601,693016577736,0
ALG-IND-601,693016577743,0
ALG-IND-601,693016577750,0
ALG-IND-601,693016577767,0
ALG-IND-601,693016577774,0
ALG-IND-601,693016577781,0
ALG-IND-601,693016577798,0
ALG-IND-601,693016577804,3
ALG-IND-601,693016577811,0
ALG-IND-643,693016581467,0
ALG-IND-643,693016581474,6
ALG-IND-643,693016581481,18
ALG-IND-643,693016581498,30
ALG-IND-643,693016581504,34
ALG-IND-643,693016581511,0
ALG-IND-643,693016581528,0
ALG-IND-643,693016581535,0
ALG-IND-643,693016581542,0
ALG-IND-643,693016581559,0
ALG-IND-882,693016577828,0
ALG-IND-882,693016577835,0
ALG-IND-882,693016577842,0
ALG-IND-882,693016577859,0
ALG-IND-882,693016577866,0
ALG-IND-882,693016577873,0
ALG-IND-882,693016577880,0
ALG-IND-882,693016577897,0
ALG-IND-882,693016577903,0
ALG-IND-882,693016577910,0
ALG-ISA-574,693016511655,0
ALG-ISA-574,693016511662,8
ALG-ISA-574,693016511679,28
ALG-ISA-574,693016511686,42
ALG-ISA-574,693016511693,62
ALG-ISA-574,693016511709,75
ALG-ISA-574,693016511716,52
ALG-ISA-574,693016511723,43
ALG-ISA-574,693016511730,20
ALG-ISA-574,693016511747,0
ALG-ISA-691,693016511556,0
ALG-ISA-691,693016511563,27
ALG-ISA-691,693016511570,84
ALG-ISA-691,693016511587,100
ALG-ISA-691,693016511594,175
ALG-ISA-691,693016511600,171
ALG-ISA-691,693016511617,121
ALG-ISA-691,693016511624,96
ALG-ISA-691,693016511631,52
ALG-ISA-691,693016511648,0
ALG-IZZ-601,693016579969,0
ALG-IZZ-601,693016579976,0
ALG-IZZ-601,693016579983,5
ALG-IZZ-601,693016579990,4
ALG-IZZ-601,693016580002,4
ALG-IZZ-601,693016580019,0
ALG-IZZ-601,693016580026,0
ALG-IZZ-601,693016580033,0
ALG-IZZ-601,693016580040,0
ALG-IZZ-601,693016580057,0
ALG-IZZ-882,693016580064,0
ALG-IZZ-882,693016580071,0
ALG-IZZ-882,693016580088,0
ALG-IZZ-882,693016580095,0
ALG-IZZ-882,693016580101,0
ALG-IZZ-882,693016580118,0
ALG-IZZ-882,693016580125,0
ALG-IZZ-882,693016580132,0
ALG-IZZ-882,693016580149,0
ALG-IZZ-882,693016580156,0
ALG-JAD-569,693016599073,0
ALG-JAD-569,693016599080,34
ALG-JAD-569,693016599097,24
ALG-JAD-569,693016599103,92
ALG-JAD-569,693016599110,149
ALG-JAD-569,693016599127,118
ALG-JAD-569,693016599134,56
ALG-JAD-569,693016599141,19
ALG-JAD-569,693016599158,63
ALG-JAD-569,693016599165,0
ALG-JAD-871,693016599271,0
ALG-JAD-871,693016599288,44
ALG-JAD-871,693016599295,17
ALG-JAD-871,693016599301,111
ALG-JAD-871,693016599318,200
ALG-JAD-871,693016599325,116
ALG-JAD-871,693016599332,69
ALG-JAD-871,693016599349,7
ALG-JAD-871,693016599356,81
ALG-JAD-871,693016599363,0
ALG-JAD-873,693016599370,0
ALG-JAD-873,693016599387,9
ALG-JAD-873,693016599394,5
ALG-JAD-873,693016599400,39
ALG-JAD-873,693016599417,79
ALG-JAD-873,693016599424,57
ALG-JAD-873,693016599431,22
ALG-JAD-873,693016599448,0
ALG-JAD-873,693016599455,2
ALG-JAD-873,693016599462,0
ALG-JEM-139,693016592272,0
ALG-JEM-139,693016592289,15
ALG-JEM-139,693016592296,31
ALG-JEM-139,693016592302,66
ALG-JEM-139,693016592319,107
ALG-JEM-139,693016592326,104
ALG-JEM-139,693016592333,72
ALG-JEM-139,693016592340,40
ALG-JEM-139,693016592357,29
ALG-JEM-139,693016592364,0
ALG-JEM-204,693016555321,0
ALG-JEM-204,693016555338,51
ALG-JEM-204,693016555345,104
ALG-JEM-204,693016555352,179
ALG-JEM-204,693016555369,249
ALG-JEM-204,693016555376,238
ALG-JEM-204,693016555383,146
ALG-JEM-204,693016555390,148
ALG-JEM-204,693016555406,31
ALG-JEM-204,693016555413,0
ALG-JEM-325,693016555529,0
ALG-JEM-325,693016555536,47
ALG-JEM-325,693016555543,121
ALG-JEM-325,693016555550,223
ALG-JEM-325,693016555567,377
ALG-JEM-325,693016555574,408
ALG-JEM-325,693016555581,250
ALG-JEM-325,693016555598,142
ALG-JEM-325,693016555604,52
ALG-JEM-325,693016555611,0
ALG-JEM-352,693016591879,0
ALG-JEM-352,693016591886,22
ALG-JEM-352,693016591893,65
ALG-JEM-352,693016591909,138
ALG-JEM-352,693016591916,196
ALG-JEM-352,693016591923,196
ALG-JEM-352,693016591930,151
ALG-JEM-352,693016591947,76
ALG-JEM-352,693016591954,53
ALG-JEM-352,693016591961,0
ALG-JEM-485,693016591770,0
ALG-JEM-485,693016591787,19
ALG-JEM-485,693016591794,37
ALG-JEM-485,693016591800,84
ALG-JEM-485,693016591817,121
ALG-JEM-485,693016591824,108
ALG-JEM-485,693016591831,83
ALG-JEM-485,693016591848,14
ALG-JEM-485,693016591855,20
ALG-JEM-485,693016591862,0
ALG-JEM-622,693016591978,0
ALG-JEM-622,693016591985,22
ALG-JEM-622,693016591992,66
ALG-JEM-622,693016592005,129
ALG-JEM-622,693016592012,210
ALG-JEM-622,693016592029,209
ALG-JEM-622,693016592036,154
ALG-JEM-622,693016592043,77
ALG-JEM-622,693016592050,65
ALG-JEM-622,693016592067,0
ALG-JEM-645,693016555420,0
ALG-JEM-645,693016555437,0
ALG-JEM-645,693016555444,0
ALG-JEM-645,693016555451,0
ALG-JEM-645,693016555468,0
ALG-JEM-645,693016555475,0
ALG-JEM-645,693016555482,0
ALG-JEM-645,693016555499,0
ALG-JEM-645,693016555505,0
ALG-JEM-645,693016555512,0
ALG-JEM-647,693016555628,0
ALG-JEM-647,693016555635,64
ALG-JEM-647,693016555642,123
ALG-JEM-647,693016555659,215
ALG-JEM-647,693016555666,331
ALG-JEM-647,693016555673,344
ALG-JEM-647,693016555680,182
ALG-JEM-647,693016555697,147
ALG-JEM-647,693016555703,37
ALG-JEM-647,693016555710,0
ALG-JEM-711,693016555727,0
ALG-JEM-711,693016555734,30
ALG-JEM-711,693016555741,86
ALG-JEM-711,693016555758,152
ALG-JEM-711,693016555765,224
ALG-JEM-711,693016555772,222
ALG-JEM-711,693016555789,147
ALG-JEM-711,693016555796,98
ALG-JEM-711,693016555802,57
ALG-JEM-711,693016555819,0
ALG-JEM-851,693016592173,0
ALG-JEM-851,693016592180,12
ALG-JEM-851,693016592197,41
ALG-JEM-851,693016592203,102
ALG-JEM-851,693016592210,136
ALG-JEM-851,693016592227,143
ALG-JEM-851,693016592234,103
ALG-JEM-851,693016592241,64
ALG-JEM-851,693016592258,33
ALG-JEM-851,693016592265,0
ALG-JEM-882,693016592074,0
ALG-JEM-882,693016592081,17
ALG-JEM-882,693016592098,58
ALG-JEM-882,693016592104,131
ALG-JEM-882,693016592111,198
ALG-JEM-882,693016592128,209
ALG-JEM-882,693016592135,138
ALG-JEM-882,693016592142,56
ALG-JEM-882,693016592159,32
ALG-JEM-882,693016592166,0
ALG-JOL-422,693016573707,0
ALG-JOL-422,693016573714,22
ALG-JOL-422,693016573721,81
ALG-JOL-422,693016573738,0
ALG-JOL-422,693016573745,0
ALG-JOL-422,693016573752,0
ALG-JOL-422,693016573769,0
ALG-JOL-422,693016573776,0
ALG-JOL-422,693016573783,0
ALG-JOL-422,693016573790,0
ALG-JOL-429,693016573905,0
ALG-JOL-429,693016573912,61
ALG-JOL-429,693016573929,0
ALG-JOL-429,693016573936,0
ALG-JOL-429,693016573943,0
ALG-JOL-429,693016573950,0
ALG-JOL-429,693016573967,0
ALG-JOL-429,693016573974,0
ALG-JOL-429,693016573981,0
ALG-JOL-429,693016573998,0
ALG-JOL-601,693016573806,0
ALG-JOL-601,693016573813,5
ALG-JOL-601,693016573820,17
ALG-JOL-601,693016573837,63
ALG-JOL-601,693016573844,78
ALG-JOL-601,693016573851,35
ALG-JOL-601,693016573868,21
ALG-JOL-601,693016573875,20
ALG-JOL-601,693016573882,0
ALG-JOL-601,693016573899,0
ALG-JOL-720,693016588374,0
ALG-JOL-720,693016588381,0
ALG-JOL-720,693016588398,13
ALG-JOL-720,693016588404,0
ALG-JOL-720,693016588411,0
ALG-JOL-720,693016588428,10
ALG-JOL-720,693016588435,0
ALG-JOL-720,693016588442,11
ALG-JOL-720,693016588459,0
ALG-JOL-720,693016588466,0
ALG-JUL-670,693016598571,0
ALG-JUL-670,693016598588,22
ALG-JUL-670,693016598595,54
ALG-JUL-670,693016598601,106
ALG-JUL-670,693016598618,170
ALG-JUL-670,693016598625,125
ALG-JUL-670,693016598632,33
ALG-JUL-670,693016598649,29
ALG-JUL-670,693016598656,36
ALG-JUL-670,693016598663,0
ALG-JUL-679,693016598670,0
ALG-JUL-679,693016598687,5
ALG-JUL-679,693016598694,30
ALG-JUL-679,693016598700,83
ALG-JUL-679,693016598717,94
ALG-JUL-679,693016598724,75
ALG-JUL-679,693016598731,39
ALG-JUL-679,693016598748,12
ALG-JUL-679,693016598755,10
ALG-JUL-679,693016598762,0
ALG-JUL-780,693016598878,0
ALG-JUL-780,693016598885,10
ALG-JUL-780,693016598892,30
ALG-JUL-780,693016598908,73
ALG-JUL-780,693016598915,117
ALG-JUL-780,693016598922,68
ALG-JUL-780,693016598939,16
ALG-JUL-780,693016598946,0
ALG-JUL-780,693016598953,8
ALG-JUL-780,693016598960,0
ALG-JUL-781,693016598977,0
ALG-JUL-781,693016598984,5
ALG-JUL-781,693016598991,29
ALG-JUL-781,693016599004,32
ALG-JUL-781,693016599011,61
ALG-JUL-781,693016599028,41
ALG-JUL-781,693016599035,9
ALG-JUL-781,693016599042,9
ALG-JUL-781,693016599059,0
ALG-JUL-781,693016599066,0
ALG-JUL-871,693016598779,0
ALG-JUL-871,693016598786,27
ALG-JUL-871,693016598793,33
ALG-JUL-871,693016598809,125
ALG-JUL-871,693016598816,197
ALG-JUL-871,693016598823,161
ALG-JUL-871,693016598830,47
ALG-JUL-871,693016598847,0
ALG-JUL-871,693016598854,0
ALG-JUL-871,693016598861,0
ALG-JUN-901,693016574902,0
ALG-JUN-901,693016574919,14
ALG-JUN-901,693016574926,85
ALG-JUN-901,693016574933,196
ALG-JUN-901,693016574940,238
ALG-JUN-901,693016574957,185
ALG-JUN-901,693016574964,159
ALG-JUN-901,693016574971,86
ALG-JUN-901,693016574988,43
ALG-JUN-901,693016574995,0
ALG-JUN-902,693016575008,0
ALG-JUN-902,693016575015,10
ALG-JUN-902,693016575022,56
ALG-JUN-902,693016575039,136
ALG-JUN-902,693016575046,224
ALG-JUN-902,693016575053,177
ALG-JUN-902,693016575060,129
ALG-JUN-902,693016575077,78
ALG-JUN-902,693016575084,46
ALG-JUN-902,693016575091,0
ALG-KAR-137,693016593675,0
ALG-KAR-137,693016593682,0
ALG-KAR-137,693016593699,0
ALG-KAR-137,693016593705,0
ALG-KAR-137,693016593712,0
ALG-KAR-137,693016593729,33
ALG-KAR-137,693016593736,19
ALG-KAR-137,693016593743,0
ALG-KAR-137,693016593750,0
ALG-KAR-137,693016593767,0
ALG-KAR-237,693016306428,37
ALG-KAR-237,693016306435,71
ALG-KAR-237,693016306442,183
ALG-KAR-237,693016306459,383
ALG-KAR-237,693016306466,361
ALG-KAR-237,693016306473,172
ALG-KAR-237,693016306480,62
ALG-KAR-237,693016306497,26
ALG-KAR-237,693016567980,0
ALG-KAR-237,693016567997,0
ALG-KAR-529,693016593279,0
ALG-KAR-529,693016593286,0
ALG-KAR-529,693016593293,0
ALG-KAR-529,693016593309,0
ALG-KAR-529,693016593316,0
ALG-KAR-529,693016593323,0
ALG-KAR-529,693016593330,20
ALG-KAR-529,693016593347,32
ALG-KAR-529,693016593354,0
ALG-KAR-529,693016593361,0
ALG-KAR-532,693016553723,0
ALG-KAR-532,693016553730,41
ALG-KAR-532,693016553747,75
ALG-KAR-532,693016553754,129
ALG-KAR-532,693016553761,273
ALG-KAR-532,693016553778,288
ALG-KAR-532,693016553785,182
ALG-KAR-532,693016553792,119
ALG-KAR-532,693016553808,58
ALG-KAR-532,693016553815,7
ALG-KAR-663,693016593378,0
ALG-KAR-663,693016593385,0
ALG-KAR-663,693016593392,0
ALG-KAR-663,693016593408,0
ALG-KAR-663,693016593415,0
ALG-KAR-663,693016593422,0
ALG-KAR-663,693016593439,0
ALG-KAR-663,693016593446,0
ALG-KAR-663,693016593453,0
ALG-KAR-663,693016593460,0
ALG-KAR-664,693016593576,0
ALG-KAR-664,693016593583,22
ALG-KAR-664,693016593590,75
ALG-KAR-664,693016593606,198
ALG-KAR-664,693016593613,288
ALG-KAR-664,693016593620,238
ALG-KAR-664,693016593637,128
ALG-KAR-664,693016593644,17
ALG-KAR-664,693016593651,17
ALG-KAR-664,693016593668,0
ALG-KAR-665,693016593477,0
ALG-KAR-665,693016593484,0
ALG-KAR-665,693016593491,0
ALG-KAR-665,693016593507,0
ALG-KAR-665,693016593514,0
ALG-KAR-665,693016593521,7
ALG-KAR-665,693016593538,16
ALG-KAR-665,693016593545,18
ALG-KAR-665,693016593552,0
ALG-KAR-665,693016593569,0
ALG-KAY-138,693016588176,0
ALG-KAY-138,693016588183,14
ALG-KAY-138,693016588190,40
ALG-KAY-138,693016588206,78
ALG-KAY-138,693016588213,114
ALG-KAY-138,693016588220,123
ALG-KAY-138,693016588237,86
ALG-KAY-138,693016588244,55
ALG-KAY-138,693016588251,28
ALG-KAY-138,693016588268,0
ALG-KAY-146,693016588275,0
ALG-KAY-146,693016588282,6
ALG-KAY-146,693016588299,18
ALG-KAY-146,693016588305,26
ALG-KAY-146,693016588312,24
ALG-KAY-146,693016588329,36
ALG-KAY-146,693016588336,20
ALG-KAY-146,693016588343,11
ALG-KAY-146,693016588350,2
ALG-KAY-146,693016588367,0
ALG-KAY-243,693016549924,0
ALG-KAY-243,693016549931,6
ALG-KAY-243,693016549948,42
ALG-KAY-243,693016549955,56
ALG-KAY-243,693016549962,69
ALG-KAY-243,693016549979,68
ALG-KAY-243,693016549986,6
ALG-KAY-243,693016549993,12
ALG-KAY-243,693016550005,0
ALG-KAY-243,693016550012,0
ALG-KAY-264,693016552023,0
ALG-KAY-264,693016552030,20
ALG-KAY-264,693016552047,65
ALG-KAY-264,693016552054,122
ALG-KAY-264,693016552061,222
ALG-KAY-264,693016552078,197
ALG-KAY-264,693016552085,90
ALG-KAY-264,693016552092,49
ALG-KAY-264,693016552108,0
ALG-KAY-264,693016552115,0
ALG-KAY-389,693016572809,0
ALG-KAY-389,693016572816,18
ALG-KAY-389,693016572823,37
ALG-KAY-389,693016572830,49
ALG-KAY-389,693016572847,132
ALG-KAY-389,693016572854,129
ALG-KAY-389,693016572861,15
ALG-KAY-389,693016572878,0
ALG-KAY-389,693016572885,0
ALG-KAY-389,693016572892,0
ALG-KAY-427,693016572601,0
ALG-KAY-427,693016572618,24
ALG-KAY-427,693016572625,35
ALG-KAY-427,693016572632,75
ALG-KAY-427,693016572649,100
ALG-KAY-427,693016572656,100
ALG-KAY-427,693016572663,76
ALG-KAY-427,693016572670,45
ALG-KAY-427,693016572687,31
ALG-KAY-427,693016572694,0
ALG-KAY-601,693016305032,0
ALG-KAY-601,693016305049,29
ALG-KAY-601,693016305056,0
ALG-KAY-601,693016305063,79
ALG-KAY-601,693016305070,49
ALG-KAY-601,693016305087,9
ALG-KAY-601,693016305094,8
ALG-KAY-601,693016305100,0
ALG-KAY-726,693016305278,0
ALG-KAY-726,693016305285,0
ALG-KAY-726,693016305292,0
ALG-KAY-726,693016305308,0
ALG-KAY-726,693016305315,0
ALG-KAY-726,693016305322,0
ALG-KAY-726,693016305339,0
ALG-KAY-726,693016305346,0
ALG-KAY-921,693016572700,0
ALG-KAY-921,693016572717,11
ALG-KAY-921,693016572724,70
ALG-KAY-921,693016572731,119
ALG-KAY-921,693016572748,193
ALG-KAY-921,693016572755,171
ALG-KAY-921,693016572762,101
ALG-KAY-921,693016572779,31
ALG-KAY-921,693016572786,17
ALG-KAY-921,693016572793,0
ALG-KEL-143,693016573301,10
ALG-KEL-143,693016573318,31
ALG-KEL-143,693016573325,76
ALG-KEL-143,693016573332,102
ALG-KEL-143,693016573349,168
ALG-KEL-143,693016573356,146
ALG-KEL-143,693016573363,56
ALG-KEL-143,693016573370,33
ALG-KEL-143,693016573387,28
ALG-KEL-143,693016573394,13
ALG-KEL-164,693016572908,4
ALG-KEL-164,693016572915,22
ALG-KEL-164,693016572922,7
ALG-KEL-164,693016572939,8
ALG-KEL-164,693016572946,0
ALG-KEL-164,693016572953,0
ALG-KEL-164,693016572960,0
ALG-KEL-164,693016572977,15
ALG-KEL-164,693016572984,14
ALG-KEL-164,693016572991,9
ALG-KEL-165,693016573103,12
ALG-KEL-165,693016573110,17
ALG-KEL-165,693016573127,18
ALG-KEL-165,693016573134,39
ALG-KEL-165,693016573141,36
ALG-KEL-165,693016573158,47
ALG-KEL-165,693016573165,28
ALG-KEL-165,693016573172,13
ALG-KEL-165,693016573189,0
ALG-KEL-165,693016573196,0
ALG-KEL-302,693016549221,0
ALG-KEL-302,693016549238,0
ALG-KEL-302,693016549245,0
ALG-KEL-302,693016549252,0
ALG-KEL-302,693016549269,0
ALG-KEL-302,693016549276,0
ALG-KEL-302,693016549283,0
ALG-KEL-302,693016549290,0
ALG-KEL-302,693016549306,0
ALG-KEL-302,693016549313,0
ALG-KEL-323,693016573004,9
ALG-KEL-323,693016573011,55
ALG-KEL-323,693016573028,80
ALG-KEL-323,693016573035,96
ALG-KEL-323,693016573042,163
ALG-KEL-323,693016573059,177
ALG-KEL-323,693016573066,111
ALG-KEL-323,693016573073,52
ALG-KEL-323,693016573080,31
ALG-KEL-323,693016573097,10
ALG-KEL-431,693016493708,17
ALG-KEL-431,693016493715,45
ALG-KEL-431,693016493722,0
ALG-KEL-431,693016493739,0
ALG-KEL-431,693016493746,0
ALG-KEL-431,693016493753,0
ALG-KEL-431,693016493760,0
ALG-KEL-431,693016493777,0
ALG-KEL-431,693016493784,0
ALG-KEL-431,693016493791,0
ALG-KEL-433,693016493807,7
ALG-KEL-433,693016493814,34
ALG-KEL-433,693016493821,80
ALG-KEL-433,693016493838,100
ALG-KEL-433,693016493845,129
ALG-KEL-433,693016493852,75
ALG-KEL-433,693016493869,57
ALG-KEL-433,693016493876,46
ALG-KEL-433,693016493883,5
ALG-KEL-433,693016493890,0
ALG-KEL-442,693016587872,9
ALG-KEL-442,693016587889,24
ALG-KEL-442,693016587896,50
ALG-KEL-442,693016587902,88
ALG-KEL-442,693016587919,142
ALG-KEL-442,693016587926,135
ALG-KEL-442,693016587933,91
ALG-KEL-442,693016587940,45
ALG-KEL-442,693016587957,36
ALG-KEL-442,693016587964,12
ALG-KEL-484D,693016587476,14
ALG-KEL-484D,693016587483,22
ALG-KEL-484D,693016587490,139
ALG-KEL-484D,693016587506,210
ALG-KEL-484D,693016587513,279
ALG-KEL-484D,693016587520,258
ALG-KEL-484D,693016587537,203
ALG-KEL-484D,693016587544,147
ALG-KEL-484D,693016587551,45
ALG-KEL-484D,693016587568,5
ALG-KEL-506,693016549023,8
ALG-KEL-506,693016549030,61
ALG-KEL-506,693016549047,71
ALG-KEL-506,693016549054,115
ALG-KEL-506,693016549061,158
ALG-KEL-506,693016549078,184
ALG-KEL-506,693016549085,151
ALG-KEL-506,693016549092,92
ALG-KEL-506,693016549108,53
ALG-KEL-506,693016549115,13
ALG-KEL-510,693016549320,4
ALG-KEL-510,693016549337,8
ALG-KEL-510,693016549344,0
ALG-KEL-510,693016549351,0
ALG-KEL-510,693016549368,0
ALG-KEL-510,693016549375,0
ALG-KEL-510,693016549382,0
ALG-KEL-510,693016549399,0
ALG-KEL-510,693016549405,0
ALG-KEL-510,693016549412,0
ALG-KEL-518,693016587971,8
ALG-KEL-518,693016587988,24
ALG-KEL-518,693016587995,42
ALG-KEL-518,693016588008,87
ALG-KEL-518,693016588015,173
ALG-KEL-518,693016588022,200
ALG-KEL-518,693016588039,120
ALG-KEL-518,693016588046,77
ALG-KEL-518,693016588053,63
ALG-KEL-518,693016588060,2
ALG-KEL-519,693016587773,11
ALG-KEL-519,693016587780,4
ALG-KEL-519,693016587797,22
ALG-KEL-519,693016587803,68
ALG-KEL-519,693016587810,141
ALG-KEL-519,693016587827,144
ALG-KEL-519,693016587834,109
ALG-KEL-519,693016587841,34
ALG-KEL-519,693016587858,13
ALG-KEL-519,693016587865,7
ALG-KEL-520,693016588077,6
ALG-KEL-520,693016588084,17
ALG-KEL-520,693016588091,95
ALG-KEL-520,693016588107,170
ALG-KEL-520,693016588114,248
ALG-KEL-520,693016588121,252
ALG-KEL-520,693016588138,185
ALG-KEL-520,693016588145,124
ALG-KEL-520,693016588152,45
ALG-KEL-520,693016588169,5
ALG-KEL-530,693016587674,14
ALG-KEL-530,693016587681,29
ALG-KEL-530,693016587698,21
ALG-KEL-530,693016587704,74
ALG-KEL-530,693016587711,60
ALG-KEL-530,693016587728,48
ALG-KEL-530,693016587735,26
ALG-KEL-530,693016587742,0
ALG-KEL-530,693016587759,30
ALG-KEL-530,693016587766,9
ALG-KEL-532,693016587575,4
ALG-KEL-532,693016587582,14
ALG-KEL-532,693016587599,42
ALG-KEL-532,693016587605,74
ALG-KEL-532,693016587612,85
ALG-KEL-532,693016587629,93
ALG-KEL-532,693016587636,55
ALG-KEL-532,693016587643,14
ALG-KEL-532,693016587650,43
ALG-KEL-532,693016587667,8
ALG-KEL-538,693016549122,10
ALG-KEL-538,693016549139,37
ALG-KEL-538,693016549146,7
ALG-KEL-538,693016549153,0
ALG-KEL-538,693016549160,0
ALG-KEL-538,693016549177,0
ALG-KEL-538,693016549184,4
ALG-KEL-538,693016549191,0
ALG-KEL-538,693016549207,0
ALG-KEL-538,693016549214,5
ALG-KEL-541,693016537686,21
ALG-KEL-541,693016537693,42
ALG-KEL-541,693016537709,58
ALG-KEL-541,693016537716,87
ALG-KEL-541,693016537723,41
ALG-KEL-541,693016537730,27
ALG-KEL-541,693016537747,0
ALG-KEL-541,693016537754,0
ALG-KEL-541,693016537761,0
ALG-KEL-541,693016537778,0
ALG-KEL-601,693016494101,2
ALG-KEL-601,693016494118,18
ALG-KEL-601,693016494125,75
ALG-KEL-601,693016494132,76
ALG-KEL-601,693016494149,0
ALG-KEL-601,693016494156,0
ALG-KEL-601,693016494163,0
ALG-KEL-601,693016494170,0
ALG-KEL-601,693016494187,0
ALG-KEL-601,693016494194,0
ALG-KEL-686,693016538584,15
ALG-KEL-686,693016538591,25
ALG-KEL-686,693016538607,35
ALG-KEL-686,693016538614,42
ALG-KEL-686,693016538621,79
ALG-KEL-686,693016538638,51
ALG-KEL-686,693016538645,5
ALG-KEL-686,693016538652,0
ALG-KEL-686,693016538669,12
ALG-KEL-686,693016538676,4
ALG-KEL-752,693016573202,0
ALG-KEL-752,693016573219,27
ALG-KEL-752,693016573226,0
ALG-KEL-752,693016573233,17
ALG-KEL-752,693016573240,50
ALG-KEL-752,693016573257,34
ALG-KEL-752,693016573264,0
ALG-KEL-752,693016573271,0
ALG-KEL-752,693016573288,0
ALG-KEL-752,693016573295,4
ALG-KEL-753,693016538386,17
ALG-KEL-753,693016538393,29
ALG-KEL-753,693016538409,28
ALG-KEL-753,693016538416,0
ALG-KEL-753,693016538423,0
ALG-KEL-753,693016538430,0
ALG-KEL-753,693016538447,0
ALG-KEL-753,693016538454,0
ALG-KEL-753,693016538461,0
ALG-KEL-753,693016538478,0
ALG-KEL-755,693016537884,8
ALG-KEL-755,693016537891,13
ALG-KEL-755,693016537907,21
ALG-KEL-755,693016537914,0
ALG-KEL-755,693016537921,0
ALG-KEL-755,693016537938,0
ALG-KEL-755,693016537945,0
ALG-KEL-755,693016537952,0
ALG-KEL-755,693016537969,0
ALG-KEL-755,693016537976,0
ALG-KEL-882,693016573509,14
ALG-KEL-882,693016573516,39
ALG-KEL-882,693016573523,37
ALG-KEL-882,693016573530,82
ALG-KEL-882,693016573547,118
ALG-KEL-882,693016573554,127
ALG-KEL-882,693016573561,56
ALG-KEL-882,693016573578,44
ALG-KEL-882,693016573585,34
ALG-KEL-882,693016573592,0
ALG-KEL-929,693016573400,6
ALG-KEL-929,693016573417,35
ALG-KEL-929,693016573424,80
ALG-KEL-929,693016573431,181
ALG-KEL-929,693016573448,308
ALG-KEL-929,693016573455,295
ALG-KEL-929,693016573462,197
ALG-KEL-929,693016573479,104
ALG-KEL-929,693016573486,61
ALG-KEL-929,693016573493,11
ALG-KHL-161,693016574001,0
ALG-KHL-161,693016574018,13
ALG-KHL-161,693016574025,25
ALG-KHL-161,693016574032,0
ALG-KHL-161,693016574049,3
ALG-KHL-161,693016574056,0
ALG-KHL-161,693016574063,0
ALG-KHL-161,693016574070,0
ALG-KHL-161,693016574087,0
ALG-KHL-161,693016574094,0
ALG-KHL-601,693016384600,0
ALG-KHL-601,693016384617,135
ALG-KHL-601,693016384624,63
ALG-KHL-601,693016384631,106
ALG-KHL-601,693016384648,0
ALG-KHL-601,693016384655,0
ALG-KHL-601,693016384662,0
ALG-KHL-601,693016384679,0
ALG-KHL-601,693016384686,0
ALG-KHL-601,693016384693,0
ALG-KHL-643,693016538881,0
ALG-KHL-643,693016538898,40
ALG-KHL-643,693016538904,0
ALG-KHL-643,693016538911,0
ALG-KHL-643,693016538928,0
ALG-KHL-643,693016538935,0
ALG-KHL-643,693016538942,0
ALG-KHL-643,693016538959,0
ALG-KHL-643,693016538966,0
ALG-KHL-643,693016538973,0
ALG-KIM-139,693016588879,0
ALG-KIM-139,693016588886,4
ALG-KIM-139,693016588893,19
ALG-KIM-139,693016588909,41
ALG-KIM-139,693016588916,66
ALG-KIM-139,693016588923,68
ALG-KIM-139,693016588930,58
ALG-KIM-139,693016588947,32
ALG-KIM-139,693016588954,21
ALG-KIM-139,693016588961,0
ALG-KIM-420,693016588770,0
ALG-KIM-420,693016588787,11
ALG-KIM-420,693016588794,46
ALG-KIM-420,693016588800,80
ALG-KIM-420,693016588817,98
ALG-KIM-420,693016588824,103
ALG-KIM-420,693016588831,84
ALG-KIM-420,693016588848,50
ALG-KIM-420,693016588855,13
ALG-KIM-420,693016588862,0
ALG-KIM-601,693016588572,0
ALG-KIM-601,693016588589,13
ALG-KIM-601,693016588596,39
ALG-KIM-601,693016588602,70
ALG-KIM-601,693016588619,117
ALG-KIM-601,693016588626,92
ALG-KIM-601,693016588633,50
ALG-KIM-601,693016588640,16
ALG-KIM-601,693016588657,11
ALG-KIM-601,693016588664,0
ALG-KIM-676,693016588671,0
ALG-KIM-676,693016588688,20
ALG-KIM-676,693016588695,47
ALG-KIM-676,693016588701,75
ALG-KIM-676,693016588718,95
ALG-KIM-676,693016588725,105
ALG-KIM-676,693016588732,47
ALG-KIM-676,693016588749,14
ALG-KIM-676,693016588756,23
ALG-KIM-676,693016588763,0
ALG-KIM-721,693016588473,0
ALG-KIM-721,693016588480,16
ALG-KIM-721,693016588497,52
ALG-KIM-721,693016588503,94
ALG-KIM-721,693016588510,116
ALG-KIM-721,693016588527,118
ALG-KIM-721,693016588534,99
ALG-KIM-721,693016588541,72
ALG-KIM-721,693016588558,35
ALG-KIM-721,693016588565,0
ALG-KLE-150,693016594771,0
ALG-KLE-150,693016594788,25
ALG-KLE-150,693016594795,56
ALG-KLE-150,693016594801,129
ALG-KLE-150,693016594818,195
ALG-KLE-150,693016594825,167
ALG-KLE-150,693016594832,112
ALG-KLE-150,693016594849,59
ALG-KLE-150,693016594856,31
ALG-KLE-150,693016594863,0
ALG-KLE-447,693016594672,0
ALG-KLE-447,693016594689,31
ALG-KLE-447,693016594696,95
ALG-KLE-447,693016594702,217
ALG-KLE-447,693016594719,322
ALG-KLE-447,693016594726,267
ALG-KLE-447,693016594733,178
ALG-KLE-447,693016594740,90
ALG-KLE-447,693016594757,52
ALG-KLE-447,693016594764,0
ALG-KLE-670,693016594870,0
ALG-KLE-670,693016594887,26
ALG-KLE-670,693016594894,68
ALG-KLE-670,693016594900,168
ALG-KLE-670,693016594917,247
ALG-KLE-670,693016594924,191
ALG-KLE-670,693016594931,107
ALG-KLE-670,693016594948,45
ALG-KLE-670,693016594955,40
ALG-KLE-670,693016594962,0
ALG-KLE-676,693016594979,0
ALG-KLE-676,693016594986,26
ALG-KLE-676,693016594993,58
ALG-KLE-676,693016595006,194
ALG-KLE-676,693016595013,268
ALG-KLE-676,693016595020,218
ALG-KLE-676,693016595037,101
ALG-KLE-676,693016595044,25
ALG-KLE-676,693016595051,38
ALG-KLE-676,693016595068,0
ALG-KLE-679,693016595075,0
ALG-KLE-679,693016595082,39
ALG-KLE-679,693016595099,104
ALG-KLE-679,693016595105,274
ALG-KLE-679,693016595112,428
ALG-KLE-679,693016595129,300
ALG-KLE-679,693016595136,142
ALG-KLE-679,693016595143,74
ALG-KLE-679,693016595150,34
ALG-KLE-679,693016595167,0
ALG-KLE-728,693016497676,0
ALG-KLE-728,693016497683,0
ALG-KLE-728,693016497690,0
ALG-KLE-728,693016497706,0
ALG-KLE-728,693016497713,0
ALG-KLE-728,693016497720,0
ALG-KLE-728,693016497737,0
ALG-KLE-728,693016497744,0
ALG-KLE-728,693016497751,0
ALG-KLE-728,693016497768,0
ALG-KYL-651,693016580262,0
ALG-KYL-651,693016580279,18
ALG-KYL-651,693016580286,72
ALG-KYL-651,693016580293,147
ALG-KYL-651,693016580309,206
ALG-KYL-651,693016580316,175
ALG-KYL-651,693016580323,110
ALG-KYL-651,693016580330,64
ALG-KYL-651,693016580347,33
ALG-KYL-651,693016580354,0
ALG-KYL-653,693016580361,0
ALG-KYL-653,693016580378,10
ALG-KYL-653,693016580385,72
ALG-KYL-653,693016580392,166
ALG-KYL-653,693016580408,214
ALG-KYL-653,693016580415,198
ALG-KYL-653,693016580422,143
ALG-KYL-653,693016580439,85
ALG-KYL-653,693016580446,57
ALG-KYL-653,693016580453,0
ALG-LAN-138,693016599875,0
ALG-LAN-138,693016599882,11
ALG-LAN-138,693016599899,31
ALG-LAN-138,693016599905,92
ALG-LAN-138,693016599912,147
ALG-LAN-138,693016599929,120
ALG-LAN-138,693016599936,67
ALG-LAN-138,693016599943,35
ALG-LAN-138,693016599950,17
ALG-LAN-138,693016599967,0
ALG-LAN-670,693016600175,0
ALG-LAN-670,693016600182,12
ALG-LAN-670,693016600199,38
ALG-LAN-670,693016600205,61
ALG-LAN-670,693016600212,99
ALG-LAN-670,693016600229,90
ALG-LAN-670,693016600236,63
ALG-LAN-670,693016600243,35
ALG-LAN-670,693016600250,12
ALG-LAN-670,693016600267,0
ALG-LAN-871,693016599974,0
ALG-LAN-871,693016599981,6
ALG-LAN-871,693016599998,35
ALG-LAN-871,693016600007,79
ALG-LAN-871,693016600014,111
ALG-LAN-871,693016600021,109
ALG-LAN-871,693016600038,66
ALG-LAN-871,693016600045,46
ALG-LAN-871,693016600052,25
ALG-LAN-871,693016600069,0
ALG-LAN-872,693016600076,0
ALG-LAN-872,693016600083,8
ALG-LAN-872,693016600090,14
ALG-LAN-872,693016600106,40
ALG-LAN-872,693016600113,61
ALG-LAN-872,693016600120,55
ALG-LAN-872,693016600137,40
ALG-LAN-872,693016600144,19
ALG-LAN-872,693016600151,16
ALG-LAN-872,693016600168,0
ALG-LAR-372,693016599776,0
ALG-LAR-372,693016599783,18
ALG-LAR-372,693016599790,38
ALG-LAR-372,693016599806,72
ALG-LAR-372,693016599813,106
ALG-LAR-372,693016599820,99
ALG-LAR-372,693016599837,66
ALG-LAR-372,693016599844,35
ALG-LAR-372,693016599851,19
ALG-LAR-372,693016599868,0
ALG-LAR-669,693016599578,0
ALG-LAR-669,693016599585,18
ALG-LAR-669,693016599592,34
ALG-LAR-669,693016599608,70
ALG-LAR-669,693016599615,103
ALG-LAR-669,693016599622,100
ALG-LAR-669,693016599639,66
ALG-LAR-669,693016599646,36
ALG-LAR-669,693016599653,21
ALG-LAR-669,693016599660,0
ALG-LAR-670,693016599479,0
ALG-LAR-670,693016599486,15
ALG-LAR-670,693016599493,45
ALG-LAR-670,693016599509,66
ALG-LAR-670,693016599516,104
ALG-LAR-670,693016599523,84
ALG-LAR-670,693016599530,59
ALG-LAR-670,693016599547,34
ALG-LAR-670,693016599554,11
ALG-LAR-670,693016599561,0
ALG-LAR-780,693016599677,0
ALG-LAR-780,693016599684,9
ALG-LAR-780,693016599691,28
ALG-LAR-780,693016599707,70
ALG-LAR-780,693016599714,97
ALG-LAR-780,693016599721,92
ALG-LAR-780,693016599738,64
ALG-LAR-780,693016599745,34
ALG-LAR-780,693016599752,5
ALG-LAR-780,693016599769,0
ALG-NAN-314,693016581160,0
ALG-NAN-314,693016581177,10
ALG-NAN-314,693016581184,40
ALG-NAN-314,693016581191,58
ALG-NAN-314,693016581207,113
ALG-NAN-314,693016581214,87
ALG-NAN-314,693016581221,85
ALG-NAN-314,693016581238,46
ALG-NAN-314,693016581245,20
ALG-NAN-314,693016581252,0
ALG-NAN-315,693016581061,0
ALG-NAN-315,693016581078,6
ALG-NAN-315,693016581085,21
ALG-NAN-315,693016581092,45
ALG-NAN-315,693016581108,62
ALG-NAN-315,693016581115,15
ALG-NAN-315,693016581122,19
ALG-NAN-315,693016581139,5
ALG-NAN-315,693016581146,5
ALG-NAN-315,693016581153,0
ALG-NAN-601,693016580965,0
ALG-NAN-601,693016580972,6
ALG-NAN-601,693016580989,29
ALG-NAN-601,693016580996,10
ALG-NAN-601,693016581009,17
ALG-NAN-601,693016581016,0
ALG-NAN-601,693016581023,0
ALG-NAN-601,693016581030,0
ALG-NAN-601,693016581047,0
ALG-NAN-601,693016581054,0
ALG-NAN-902,693016580866,0
ALG-NAN-902,693016580873,11
ALG-NAN-902,693016580880,50
ALG-NAN-902,693016580897,70
ALG-NAN-902,693016580903,126
ALG-NAN-902,693016580910,77
ALG-NAN-902,693016580927,67
ALG-NAN-902,693016580934,47
ALG-NAN-902,693016580941,15
ALG-NAN-902,693016580958,0
ALG-NAN-906,693016580767,0
ALG-NAN-906,693016580774,9
ALG-NAN-906,693016580781,33
ALG-NAN-906,693016580798,45
ALG-NAN-906,693016580804,85
ALG-NAN-906,693016580811,46
ALG-NAN-906,693016580828,52
ALG-NAN-906,693016580835,20
ALG-NAN-906,693016580842,24
ALG-NAN-906,693016580859,0
ALG-PAL-011,693016533787,19
ALG-PAL-011,693016533794,39
ALG-PAL-011,693016533800,60
ALG-PAL-011,693016533817,149
ALG-PAL-011,693016533824,211
ALG-PAL-011,693016533831,213
ALG-PAL-011,693016533848,64
ALG-PAL-011,693016533855,46
ALG-PAL-011,693016533862,24
ALG-PAL-011,693016533879,9
ALG-PAL-135,693016547227,10
ALG-PAL-135,693016547234,17
ALG-PAL-135,693016547241,60
ALG-PAL-135,693016547258,70
ALG-PAL-135,693016547265,120
ALG-PAL-135,693016547272,159
ALG-PAL-135,693016547289,54
ALG-PAL-135,693016547296,31
ALG-PAL-135,693016547302,5
ALG-PAL-135,693016547319,2
ALG-PAL-146,693016585779,17
ALG-PAL-146,693016585786,56
ALG-PAL-146,693016585793,87
ALG-PAL-146,693016585809,161
ALG-PAL-146,693016585816,264
ALG-PAL-146,693016585823,277
ALG-PAL-146,693016585830,145
ALG-PAL-146,693016585847,49
ALG-PAL-146,693016585854,105
ALG-PAL-146,693016585861,11
ALG-PAL-231,693016570300,2
ALG-PAL-231,693016570317,20
ALG-PAL-231,693016570324,83
ALG-PAL-231,693016570331,186
ALG-PAL-231,693016570348,245
ALG-PAL-231,693016570355,211
ALG-PAL-231,693016570362,116
ALG-PAL-231,693016570379,114
ALG-PAL-231,693016570386,97
ALG-PAL-231,693016570393,0
ALG-PAL-232P,693016570607,7
ALG-PAL-232P,693016570614,5
ALG-PAL-232P,693016570621,22
ALG-PAL-232P,693016570638,39
ALG-PAL-232P,693016570645,62
ALG-PAL-232P,693016570652,80
ALG-PAL-232P,693016570669,39
ALG-PAL-232P,693016570676,54
ALG-PAL-232P,693016570683,18
ALG-PAL-232P,693016570690,6
ALG-PAL-233P,693016570508,2
ALG-PAL-233P,693016570515,14
ALG-PAL-233P,693016570522,69
ALG-PAL-233P,693016570539,96
ALG-PAL-233P,693016570546,113
ALG-PAL-233P,693016570553,115
ALG-PAL-233P,693016570560,50
ALG-PAL-233P,693016570577,27
ALG-PAL-233P,693016570584,24
ALG-PAL-233P,693016570591,0
ALG-PAL-252,693016585977,5
ALG-PAL-252,693016585984,14
ALG-PAL-252,693016585991,0
ALG-PAL-252,693016586004,9
ALG-PAL-252,693016586011,19
ALG-PAL-252,693016586028,0
ALG-PAL-252,693016586035,0
ALG-PAL-252,693016586042,0
ALG-PAL-252,693016586059,0
ALG-PAL-252,693016586066,0
ALG-PAL-315,693016570409,15
ALG-PAL-315,693016570416,80
ALG-PAL-315,693016570423,142
ALG-PAL-315,693016570430,323
ALG-PAL-315,693016570447,454
ALG-PAL-315,693016570454,423
ALG-PAL-315,693016570461,275
ALG-PAL-315,693016570478,183
ALG-PAL-315,693016570485,162
ALG-PAL-315,693016570492,24
ALG-PAL-335,693016288427,0
ALG-PAL-335,693016288434,0
ALG-PAL-335,693016288441,0
ALG-PAL-335,693016288458,0
ALG-PAL-335,693016288465,0
ALG-PAL-335,693016288472,0
ALG-PAL-335,693016288489,0
ALG-PAL-335,693016288496,0
ALG-PAL-337,693016533688,9
ALG-PAL-337,693016533695,0
ALG-PAL-337,693016533701,38
ALG-PAL-337,693016533718,0
ALG-PAL-337,693016533725,68
ALG-PAL-337,693016533732,126
ALG-PAL-337,693016533749,2
ALG-PAL-337,693016533756,2
ALG-PAL-337,693016533763,0
ALG-PAL-337,693016533770,0
ALG-PAL-356,693016585670,14
ALG-PAL-356,693016585687,42
ALG-PAL-356,693016585694,63
ALG-PAL-356,693016585700,155
ALG-PAL-356,693016585717,207
ALG-PAL-356,693016585724,220
ALG-PAL-356,693016585731,127
ALG-PAL-356,693016585748,38
ALG-PAL-356,693016585755,88
ALG-PAL-356,693016585762,10
ALG-PAL-383,693016504954,0
ALG-PAL-383,693016504961,0
ALG-PAL-383,693016504978,0
ALG-PAL-383,693016504985,0
ALG-PAL-383,693016504992,0
ALG-PAL-383,693016505005,0
ALG-PAL-383,693016505012,0
ALG-PAL-383,693016505029,0
ALG-PAL-383,693016505036,0
ALG-PAL-383,693016505043,0
ALG-PAL-387,693016312429,53
ALG-PAL-387,693016312436,72
ALG-PAL-387,693016312443,142
ALG-PAL-387,693016312450,126
ALG-PAL-387,693016312467,127
ALG-PAL-387,693016312474,42
ALG-PAL-387,693016312481,13
ALG-PAL-387,693016312498,0
ALG-PAL-387,693016313570,4
ALG-PAL-387,693016313587,0
ALG-PAL-452,693016586172,0
ALG-PAL-452,693016586189,4
ALG-PAL-452,693016586196,21
ALG-PAL-452,693016586202,63
ALG-PAL-452,693016586219,81
ALG-PAL-452,693016586226,81
ALG-PAL-452,693016586233,43
ALG-PAL-452,693016586240,13
ALG-PAL-452,693016586257,0
ALG-PAL-452,693016586264,0
ALG-PAL-528,693016381401,7
ALG-PAL-528,693016381418,0
ALG-PAL-528,693016381425,9
ALG-PAL-528,693016381432,0
ALG-PAL-528,693016381449,0
ALG-PAL-528,693016381456,0
ALG-PAL-528,693016381463,0
ALG-PAL-528,693016381470,0
ALG-PAL-528,693016381487,0
ALG-PAL-528,693016381494,0
ALG-PAL-530,693016585878,0
ALG-PAL-530,693016585885,16
ALG-PAL-530,693016585892,14
ALG-PAL-530,693016585908,91
ALG-PAL-530,693016585915,102
ALG-PAL-530,693016585922,63
ALG-PAL-530,693016585939,30
ALG-PAL-530,693016585946,0
ALG-PAL-530,693016585953,14
ALG-PAL-530,693016585960,0
ALG-PAL-531,693016393008,77
ALG-PAL-531,693016393015,206
ALG-PAL-531,693016393022,431
ALG-PAL-531,693016393039,530
ALG-PAL-531,693016393046,454
ALG-PAL-531,693016393053,256
ALG-PAL-531,693016393060,148
ALG-PAL-531,693016393077,55
ALG-PAL-531,693016393084,17
ALG-PAL-531,693016393091,10
ALG-PAL-532,693016534586,4
ALG-PAL-532,693016534593,69
ALG-PAL-532,693016534609,160
ALG-PAL-532,693016534616,306
ALG-PAL-532,693016534623,429
ALG-PAL-532,693016534630,440
ALG-PAL-532,693016534647,241
ALG-PAL-532,693016534654,151
ALG-PAL-532,693016534661,85
ALG-PAL-532,693016534678,0
ALG-PAL-538,693016546725,0
ALG-PAL-538,693016546732,36
ALG-PAL-538,693016546749,24
ALG-PAL-538,693016546756,85
ALG-PAL-538,693016546763,221
ALG-PAL-538,693016546770,204
ALG-PAL-538,693016546787,51
ALG-PAL-538,693016546794,0
ALG-PAL-538,693016546800,0
ALG-PAL-538,693016546817,0
ALG-PAL-574,693016504855,4
ALG-PAL-574,693016504862,22
ALG-PAL-574,693016504879,58
ALG-PAL-574,693016504886,152
ALG-PAL-574,693016504893,102
ALG-PAL-574,693016504909,141
ALG-PAL-574,693016504916,98
ALG-PAL-574,693016504923,70
ALG-PAL-574,693016504930,26
ALG-PAL-574,693016504947,0
ALG-PAL-574W,693016517800,0
ALG-PAL-574W,693016517817,0
ALG-PAL-574W,693016517824,0
ALG-PAL-574W,693016517831,0
ALG-PAL-574W,693016517848,0
ALG-PAL-574W,693016517855,0
ALG-PAL-574W,693016517862,0
ALG-PAL-574W,693016517879,0
ALG-PAL-574W,693016517886,0
ALG-PAL-574W,693016517893,0
ALG-PAL-600S,693016306503,17
ALG-PAL-600S,693016306510,62
ALG-PAL-600S,693016306527,128
ALG-PAL-600S,693016306534,142
ALG-PAL-600S,693016306541,165
ALG-PAL-600S,693016306558,116
ALG-PAL-600S,693016306565,83
ALG-PAL-600S,693016306572,59
ALG-PAL-600S,693016626618,17
ALG-PAL-600S,693016626625,42
ALG-PAL-601,693016216956,84
ALG-PAL-601,693016216963,168
ALG-PAL-601,693016216970,337
ALG-PAL-601,693016216987,395
ALG-PAL-601,693016216994,315
ALG-PAL-601,693016217007,243
ALG-PAL-601,693016217014,120
ALG-PAL-601,693016217021,48
ALG-PAL-601,693016277322,18
ALG-PAL-601,693016313310,5
ALG-PAL-661,693016570201,15
ALG-PAL-661,693016570218,48
ALG-PAL-661,693016570225,33
ALG-PAL-661,693016570232,152
ALG-PAL-661,693016570249,247
ALG-PAL-661,693016570256,189
ALG-PAL-661,693016570263,128
ALG-PAL-661,693016570270,88
ALG-PAL-661,693016570287,45
ALG-PAL-661,693016570294,0
ALG-PAL-713,693016570102,18
ALG-PAL-713,693016570119,60
ALG-PAL-713,693016570126,130
ALG-PAL-713,693016570133,324
ALG-PAL-713,693016570140,554
ALG-PAL-713,693016570157,427
ALG-PAL-713,693016570164,358
ALG-PAL-713,693016570171,192
ALG-PAL-713,693016570188,142
ALG-PAL-713,693016570195,26
ALG-PES-238,693016586776,0
ALG-PES-238,693016586783,17
ALG-PES-238,693016586790,52
ALG-PES-238,693016586806,116
ALG-PES-238,693016586813,183
ALG-PES-238,693016586820,187
ALG-PES-238,693016586837,139
ALG-PES-238,693016586844,91
ALG-PES-238,693016586851,49
ALG-PES-238,693016586868,0
ALG-PES-542,693016586578,0
ALG-PES-542,693016586585,16
ALG-PES-542,693016586592,63
ALG-PES-542,693016586608,111
ALG-PES-542,693016586615,162
ALG-PES-542,693016586622,155
ALG-PES-542,693016586639,117
ALG-PES-542,693016586646,74
ALG-PES-542,693016586653,47
ALG-PES-542,693016586660,0
ALG-PES-622,693016521883,0
ALG-PES-622,693016521890,48
ALG-PES-622,693016521906,128
ALG-PES-622,693016521913,207
ALG-PES-622,693016521920,251
ALG-PES-622,693016521937,253
ALG-PES-622,693016521944,117
ALG-PES-622,693016521951,18
ALG-PES-622,693016521968,30
ALG-PES-622,693016521975,0
ALG-PES-641,693016586677,0
ALG-PES-641,693016586684,15
ALG-PES-641,693016586691,37
ALG-PES-641,693016586707,85
ALG-PES-641,693016586714,140
ALG-PES-641,693016586721,130
ALG-PES-641,693016586738,86
ALG-PES-641,693016586745,49
ALG-PES-641,693016586752,14
ALG-PES-641,693016586769,0
ALG-PES-644,693016522088,0
ALG-PES-644,693016522095,8
ALG-PES-644,693016522101,34
ALG-PES-644,693016522118,32
ALG-PES-644,693016522125,36
ALG-PES-644,693016522132,37
ALG-PES-644,693016522149,26
ALG-PES-644,693016522156,28
ALG-PES-644,693016522163,4
ALG-PES-644,693016522170,0
ALG-PES-647,693016277780,68
ALG-PES-647,693016277797,127
ALG-PES-647,693016277803,203
ALG-PES-647,693016277810,436
ALG-PES-647,693016277827,245
ALG-PES-647,693016277834,108
ALG-PES-647,693016277841,0
ALG-PES-647,693016277858,63
ALG-PES-688,693016501373,0
ALG-PES-688,693016501380,0
ALG-PES-688,693016501397,0
ALG-PES-688,693016501403,0
ALG-PES-688,693016501410,0
ALG-PES-688,693016501427,0
ALG-PES-688,693016501434,0
ALG-PES-688,693016501441,0
ALG-PES-688,693016501458,0
ALG-PES-688,693016501465,0
ALG-PET-238,693016575466,25
ALG-PET-238,693016575473,26
ALG-PET-238,693016575480,56
ALG-PET-238,693016575497,48
ALG-PET-238,693016575503,103
ALG-PET-238,693016575510,100
ALG-PET-238,693016575527,104
ALG-PET-238,693016575534,75
ALG-PET-238,693016575541,76
ALG-PET-238,693016575558,34
ALG-PET-238,693016575565,56
ALG-PET-238,693016575572,23
ALG-PET-321,693016566266,10
ALG-PET-321,693016566273,18
ALG-PET-321,693016566280,16
ALG-PET-321,693016566297,34
ALG-PET-321,693016566303,75
ALG-PET-321,693016566310,105
ALG-PET-321,693016566327,82
ALG-PET-321,693016566334,95
ALG-PET-321,693016566341,76
ALG-PET-321,693016566358,95
ALG-PET-321,693016566365,58
ALG-PET-321,693016566372,20
ALG-PET-500,693016575220,0
ALG-PET-500,693016575237,10
ALG-PET-500,693016575244,24
ALG-PET-500,693016575251,14
ALG-PET-500,693016575268,62
ALG-PET-500,693016575275,54
ALG-PET-500,693016575282,67
ALG-PET-500,693016575299,65
ALG-PET-500,693016575305,91
ALG-PET-500,693016575312,108
ALG-PET-500,693016575329,45
ALG-PET-500,693016575336,29
ALG-PET-601,693016565900,0
ALG-PET-601,693016565917,32
ALG-PET-601,693016565924,0
ALG-PET-601,693016565931,0
ALG-PET-601,693016565948,38
ALG-PET-601,693016565955,32
ALG-PET-601,693016565962,17
ALG-PET-601,693016565979,71
ALG-PET-601,693016565986,0
ALG-PET-601,693016565993,72
ALG-PET-601,693016566006,0
ALG-PET-601,693016566013,19
ALG-PLA-102CH,693016600274,0
ALG-PLA-102CH,693016600281,15
ALG-PLA-102CH,693016600298,34
ALG-PLA-102CH,693016600304,103
ALG-PLA-102CH,693016600311,141
ALG-PLA-102CH,693016600328,131
ALG-PLA-102CH,693016600335,77
ALG-PLA-102CH,693016600342,29
ALG-PLA-102CH,693016600359,17
ALG-PLA-102CH,693016600366,0
ALG-PLA-104,693016600670,0
ALG-PLA-104,693016600687,4
ALG-PLA-104,693016600694,11
ALG-PLA-104,693016600700,29
ALG-PLA-104,693016600717,36
ALG-PLA-104,693016600724,16
ALG-PLA-104,693016600731,13
ALG-PLA-104,693016600748,0
ALG-PLA-104,693016600755,0
ALG-PLA-104,693016600762,0
ALG-PLA-109,693016600571,0
ALG-PLA-109,693016600588,5
ALG-PLA-109,693016600595,16
ALG-PLA-109,693016600601,46
ALG-PLA-109,693016600618,81
ALG-PLA-109,693016600625,51
ALG-PLA-109,693016600632,33
ALG-PLA-109,693016600649,9
ALG-PLA-109,693016600656,7
ALG-PLA-109,693016600663,0
ALG-PLA-204,693016600472,0
ALG-PLA-204,693016600489,23
ALG-PLA-204,693016600496,7
ALG-PLA-204,693016600502,72
ALG-PLA-204,693016600519,88
ALG-PLA-204,693016600526,75
ALG-PLA-204,693016600533,30
ALG-PLA-204,693016600540,20
ALG-PLA-204,693016600557,38
ALG-PLA-204,693016600564,0
ALG-PLA-311,693016600878,0
ALG-PLA-311,693016600885,21
ALG-PLA-311,693016600892,49
ALG-PLA-311,693016600908,135
ALG-PLA-311,693016600915,192
ALG-PLA-311,693016600922,154
ALG-PLA-311,693016600939,92
ALG-PLA-311,693016600946,62
ALG-PLA-311,693016600953,45
ALG-PLA-311,693016600960,0
ALG-PLA-601,693016600373,0
ALG-PLA-601,693016600380,6
ALG-PLA-601,693016600397,15
ALG-PLA-601,693016600403,72
ALG-PLA-601,693016600410,114
ALG-PLA-601,693016600427,109
ALG-PLA-601,693016600434,56
ALG-PLA-601,693016600441,13
ALG-PLA-601,693016600458,6
ALG-PLA-601,693016600465,0
ALG-SEV-143,693016571109,0
ALG-SEV-143,693016571116,17
ALG-SEV-143,693016571123,9
ALG-SEV-143,693016571130,14
ALG-SEV-143,693016571147,50
ALG-SEV-143,693016571154,48
ALG-SEV-143,693016571161,17
ALG-SEV-143,693016571178,0
ALG-SEV-143,693016571185,0
ALG-SEV-143,693016571192,0
ALG-SEV-144,693016571000,0
ALG-SEV-144,693016571017,0
ALG-SEV-144,693016571024,0
ALG-SEV-144,693016571031,0
ALG-SEV-144,693016571048,0
ALG-SEV-144,693016571055,0
ALG-SEV-144,693016571062,0
ALG-SEV-144,693016571079,0
ALG-SEV-144,693016571086,0
ALG-SEV-144,693016571093,0
ALG-SEV-145,693016587278,0
ALG-SEV-145,693016587285,9
ALG-SEV-145,693016587292,18
ALG-SEV-145,693016587308,50
ALG-SEV-145,693016587315,70
ALG-SEV-145,693016587322,76
ALG-SEV-145,693016587339,63
ALG-SEV-145,693016587346,28
ALG-SEV-145,693016587353,3
ALG-SEV-145,693016587360,0
ALG-SEV-530,693016587377,0
ALG-SEV-530,693016587384,0
ALG-SEV-530,693016587391,2
ALG-SEV-530,693016587407,24
ALG-SEV-530,693016587414,42
ALG-SEV-530,693016587421,33
ALG-SEV-530,693016587438,17
ALG-SEV-530,693016587445,0
ALG-SEV-530,693016587452,0
ALG-SEV-530,693016587469,0
ALG-SEV-574,693016506255,0
ALG-SEV-574,693016506262,13
ALG-SEV-574,693016506279,42
ALG-SEV-574,693016506286,30
ALG-SEV-574,693016506293,71
ALG-SEV-574,693016506309,92
ALG-SEV-574,693016506316,32
ALG-SEV-574,693016506323,21
ALG-SEV-574,693016506330,0
ALG-SEV-574,693016506347,0
ALG-SEV-601,693016211722,14
ALG-SEV-601,693016211739,55
ALG-SEV-601,693016211746,53
ALG-SEV-601,693016211753,63
ALG-SEV-601,693016211760,105
ALG-SEV-601,693016211777,50
ALG-SEV-601,693016211784,0
ALG-SEV-601,693016211791,0
ALG-SEV-627,693016571307,0
ALG-SEV-627,693016571314,6
ALG-SEV-627,693016571321,30
ALG-SEV-627,693016571338,55
ALG-SEV-627,693016571345,100
ALG-SEV-627,693016571352,105
ALG-SEV-627,693016571369,89
ALG-SEV-627,693016571376,53
ALG-SEV-627,693016571383,5
ALG-SEV-627,693016571390,0
ALG-SEV-627W,693016604463,0
ALG-SEV-627W,693016604470,0
ALG-SEV-627W,693016604487,0
ALG-SEV-627W,693016604494,0
ALG-SEV-627W,693016604500,0
ALG-SEV-627W,693016604517,0
ALG-SEV-627W,693016604524,0
ALG-SEV-627W,693016604531,0
ALG-SEV-627W,693016604548,0
ALG-SEV-627W,693016604555,0
ALG-SEV-691,693016535187,0
ALG-SEV-691,693016535194,17
ALG-SEV-691,693016535200,23
ALG-SEV-691,693016535217,28
ALG-SEV-691,693016535224,13
ALG-SEV-691,693016535231,34
ALG-SEV-691,693016535248,0
ALG-SEV-691,693016535255,0
ALG-SEV-691,693016535262,0
ALG-SEV-691,693016535279,0
ALG-SIT-901,693016574704,0
ALG-SIT-901,693016574711,6
ALG-SIT-901,693016574728,0
ALG-SIT-901,693016574735,0
ALG-SIT-901,693016574742,0
ALG-SIT-901,693016574759,0
ALG-SIT-901,693016574766,0
ALG-SIT-901,693016574773,0
ALG-SIT-901,693016574780,2
ALG-SIT-901,693016574797,0
ALG-SIT-902,693016574803,0
ALG-SIT-902,693016574810,0
ALG-SIT-902,693016574827,0
ALG-SIT-902,693016574834,0
ALG-SIT-902,693016574841,0
ALG-SIT-902,693016574858,0
ALG-SIT-902,693016574865,0
ALG-SIT-902,693016574872,0
ALG-SIT-902,693016574889,4
ALG-SIT-902,693016574896,0
ALG-TAY-611,693016385904,0
ALG-TAY-611,693016385911,23
ALG-TAY-611,693016385928,89
ALG-TAY-611,693016385935,116
ALG-TAY-611,693016385942,64
ALG-TAY-611,693016385959,79
ALG-TAY-611,693016385966,27
ALG-TAY-611,693016385973,0
ALG-TAY-611,693016385980,0
ALG-TAY-611,693016385997,0
ALG-VAL-447,693016596874,0
ALG-VAL-447,693016596881,16
ALG-VAL-447,693016596898,57
ALG-VAL-447,693016596904,137
ALG-VAL-447,693016596911,209
ALG-VAL-447,693016596928,178
ALG-VAL-447,693016596935,116
ALG-VAL-447,693016596942,52
ALG-VAL-447,693016596959,52
ALG-VAL-447,693016596966,0
ALG-VAL-529,693016596775,0
ALG-VAL-529,693016596782,9
ALG-VAL-529,693016596799,25
ALG-VAL-529,693016596805,65
ALG-VAL-529,693016596812,101
ALG-VAL-529,693016596829,87
ALG-VAL-529,693016596836,49
ALG-VAL-529,693016596843,17
ALG-VAL-529,693016596850,11
ALG-VAL-529,693016596867,0
ALG-VAL-532,693016597079,0
ALG-VAL-532,693016597086,23
ALG-VAL-532,693016597093,25
ALG-VAL-532,693016597109,78
ALG-VAL-532,693016597116,107
ALG-VAL-532,693016597123,105
ALG-VAL-532,693016597130,44
ALG-VAL-532,693016597147,13
ALG-VAL-532,693016597154,29
ALG-VAL-532,693016597161,0
ALG-VAL-535,693016563203,0
ALG-VAL-535,693016563210,10
ALG-VAL-535,693016563227,63
ALG-VAL-535,693016563234,139
ALG-VAL-535,693016563241,218
ALG-VAL-535,693016563258,197
ALG-VAL-535,693016563265,138
ALG-VAL-535,693016563272,51
ALG-VAL-535,693016563289,28
ALG-VAL-535,693016563296,0
ALG-VAL-676,693016597178,0
ALG-VAL-676,693016597185,12
ALG-VAL-676,693016597192,24
ALG-VAL-676,693016597208,71
ALG-VAL-676,693016597215,129
ALG-VAL-676,693016597222,109
ALG-VAL-676,693016597239,44
ALG-VAL-676,693016597246,0
ALG-VAL-676,693016597253,0
ALG-VAL-676,693016597260,0
ALG-VAL-851,693016596973,0
ALG-VAL-851,693016596980,15
ALG-VAL-851,693016596997,38
ALG-VAL-851,693016597000,84
ALG-VAL-851,693016597017,118
ALG-VAL-851,693016597024,114
ALG-VAL-851,693016597031,68
ALG-VAL-851,693016597048,25
ALG-VAL-851,693016597055,21
ALG-VAL-851,693016597062,0
ALG-VAN-139,693016595778,0
ALG-VAN-139,693016595785,17
ALG-VAN-139,693016595792,60
ALG-VAN-139,693016595808,102
ALG-VAN-139,693016595815,140
ALG-VAN-139,693016595822,132
ALG-VAN-139,693016595839,82
ALG-VAN-139,693016595846,56
ALG-VAN-139,693016595853,34
ALG-VAN-139,693016595860,0
ALG-VAN-140,693016595877,0
ALG-VAN-140,693016595884,10
ALG-VAN-140,693016595891,30
ALG-VAN-140,693016595907,77
ALG-VAN-140,693016595914,117
ALG-VAN-140,693016595921,113
ALG-VAN-140,693016595938,59
ALG-VAN-140,693016595945,25
ALG-VAN-140,693016595952,23
ALG-VAN-140,693016595969,0
ALG-VAN-151,693016595976,0
ALG-VAN-151,693016595983,35
ALG-VAN-151,693016595990,79
ALG-VAN-151,693016596003,189
ALG-VAN-151,693016596010,283
ALG-VAN-151,693016596027,214
ALG-VAN-151,693016596034,82
ALG-VAN-151,693016596041,0
ALG-VAN-151,693016596058,42
ALG-VAN-151,693016596065,0
ALG-VAN-203,693016555826,0
ALG-VAN-203,693016555833,34
ALG-VAN-203,693016555840,29
ALG-VAN-203,693016555857,84
ALG-VAN-203,693016555864,128
ALG-VAN-203,693016555871,129
ALG-VAN-203,693016555888,91
ALG-VAN-203,693016555895,61
ALG-VAN-203,693016555901,23
ALG-VAN-203,693016555918,0
ALG-VAN-252,693016596171,0
ALG-VAN-252,693016596188,12
ALG-VAN-252,693016596195,52
ALG-VAN-252,693016596201,127
ALG-VAN-252,693016596218,183
ALG-VAN-252,693016596225,159
ALG-VAN-252,693016596232,76
ALG-VAN-252,693016596249,31
ALG-VAN-252,693016596256,32
ALG-VAN-252,693016596263,0
ALG-VAN-441,693016556328,0
ALG-VAN-441,693016556335,22
ALG-VAN-441,693016556342,145
ALG-VAN-441,693016556359,233
ALG-VAN-441,693016556366,345
ALG-VAN-441,693016556373,323
ALG-VAN-441,693016556380,217
ALG-VAN-441,693016556397,122
ALG-VAN-441,693016556403,38
ALG-VAN-441,693016556410,0
ALG-VAN-780,693016596072,0
ALG-VAN-780,693016596089,11
ALG-VAN-780,693016596096,29
ALG-VAN-780,693016596102,73
ALG-VAN-780,693016596119,129
ALG-VAN-780,693016596126,111
ALG-VAN-780,693016596133,71
ALG-VAN-780,693016596140,19
ALG-VAN-780,693016596157,17
ALG-VAN-780,693016596164,0
ALG-VEN-356,693016596478,0
ALG-VEN-356,693016596485,12
ALG-VEN-356,693016596492,17
ALG-VEN-356,693016596508,42
ALG-VEN-356,693016596515,78
ALG-VEN-356,693016596522,59
ALG-VEN-356,693016596539,27
ALG-VEN-356,693016596546,15
ALG-VEN-356,693016596553,8
ALG-VEN-356,693016596560,0
ALG-VEN-518,693016596577,0
ALG-VEN-518,693016596584,13
ALG-VEN-518,693016596591,39
ALG-VEN-518,693016596607,164
ALG-VEN-518,693016596614,219
ALG-VEN-518,693016596621,166
ALG-VEN-518,693016596638,102
ALG-VEN-518,693016596645,34
ALG-VEN-518,693016596652,29
ALG-VEN-518,693016596669,0
ALG-VEN-781,693016596270,0
ALG-VEN-781,693016596287,26
ALG-VEN-781,693016596294,56
ALG-VEN-781,693016596300,158
ALG-VEN-781,693016596317,231
ALG-VEN-781,693016596324,190
ALG-VEN-781,693016596331,100
ALG-VEN-781,693016596348,42
ALG-VEN-781,693016596355,49
ALG-VEN-781,693016596362,0
ALG-VEN-871,693016596676,0
ALG-VEN-871,693016596683,14
ALG-VEN-871,693016596690,67
ALG-VEN-871,693016596706,167
ALG-VEN-871,693016596713,235
ALG-VEN-871,693016596720,192
ALG-VEN-871,693016596737,111
ALG-VEN-871,693016596744,30
ALG-VEN-871,693016596751,27
ALG-VEN-871,693016596768,0
ALG-VEN-872,693016596379,0
ALG-VEN-872,693016596386,8
ALG-VEN-872,693016596393,21
ALG-VEN-872,693016596409,56
ALG-VEN-872,693016596416,101
ALG-VEN-872,693016596423,81
ALG-VEN-872,693016596430,49
ALG-VEN-872,693016596447,6
ALG-VEN-872,693016596454,14
ALG-VEN-872,693016596461,0
ALG-VER-211,693016560721,0
ALG-VER-211,693016560738,16
ALG-VER-211,693016560745,80
ALG-VER-211,693016560752,182
ALG-VER-211,693016560769,227
ALG-VER-211,693016560776,189
ALG-VER-211,693016560783,118
ALG-VER-211,693016560790,76
ALG-VER-211,693016560806,0
ALG-VER-211,693016560813,0
ALG-VER-387,693016525980,0
ALG-VER-387,693016525997,30
ALG-VER-387,693016526000,52
ALG-VER-387,693016526017,96
ALG-VER-387,693016526024,110
ALG-VER-387,693016526031,107
ALG-VER-387,693016526048,31
ALG-VER-387,693016526055,0
ALG-VER-387,693016526062,0
ALG-VER-387,693016526079,0
ALG-VER-518,693016595273,0
ALG-VER-518,693016595280,21
ALG-VER-518,693016595297,57
ALG-VER-518,693016595303,109
ALG-VER-518,693016595310,184
ALG-VER-518,693016595327,142
ALG-VER-518,693016595334,73
ALG-VER-518,693016595341,0
ALG-VER-518,693016595358,0
ALG-VER-518,693016595365,0
ALG-VER-574,693016526284,0
ALG-VER-574,693016526291,20
ALG-VER-574,693016526307,68
ALG-VER-574,693016526314,154
ALG-VER-574,693016526321,237
ALG-VER-574,693016526338,220
ALG-VER-574,693016526345,132
ALG-VER-574,693016526352,68
ALG-VER-574,693016526369,28
ALG-VER-574,693016526376,0
ALG-VER-691,693016561322,0
ALG-VER-691,693016561339,21
ALG-VER-691,693016561346,66
ALG-VER-691,693016561353,137
ALG-VER-691,693016561360,222
ALG-VER-691,693016561377,187
ALG-VER-691,693016561384,115
ALG-VER-691,693016561391,49
ALG-VER-691,693016561407,4
ALG-VER-691,693016561414,0
ALG-VER-694,693016561520,0
ALG-VER-694,693016561537,0
ALG-VER-694,693016561544,10
ALG-VER-694,693016561551,39
ALG-VER-694,693016561568,55
ALG-VER-694,693016561575,52
ALG-VER-694,693016561582,44
ALG-VER-694,693016561599,15
ALG-VER-694,693016561605,2
ALG-VER-694,693016561612,0
ALG-VER-777,693016595174,0
ALG-VER-777,693016595181,20
ALG-VER-777,693016595198,71
ALG-VER-777,693016595204,152
ALG-VER-777,693016595211,244
ALG-VER-777,693016595228,197
ALG-VER-777,693016595235,119
ALG-VER-777,693016595242,53
ALG-VER-777,693016595259,33
ALG-VER-777,693016595266,0
ALG-VER-780,693016595570,0
ALG-VER-780,693016595587,25
ALG-VER-780,693016595594,47
ALG-VER-780,693016595600,158
ALG-VER-780,693016595617,236
ALG-VER-780,693016595624,194
ALG-VER-780,693016595631,114
ALG-VER-780,693016595648,35
ALG-VER-780,693016595655,45
ALG-VER-780,693016595662,0
ALG-VER-881C,693016595471,0
ALG-VER-881C,693016595488,51
ALG-VER-881C,693016595495,138
ALG-VER-881C,693016595501,329
ALG-VER-881C,693016595518,511
ALG-VER-881C,693016595525,366
ALG-VER-881C,693016595532,136
ALG-VER-881C,693016595549,0
ALG-VER-881C,693016595556,0
ALG-VER-881C,693016595563,0
ALG-VER-882C,693016595372,0
ALG-VER-882C,693016595389,31
ALG-VER-882C,693016595396,68
ALG-VER-882C,693016595402,152
ALG-VER-882C,693016595419,262
ALG-VER-882C,693016595426,208
ALG-VER-882C,693016595433,91
ALG-VER-882C,693016595440,0
ALG-VER-882C,693016595457,23
ALG-VER-882C,693016595464,0
ALG-VIE-155,693016597376,0
ALG-VIE-155,693016597383,23
ALG-VIE-155,693016597390,40
ALG-VIE-155,693016597406,132
ALG-VIE-155,693016597413,224
ALG-VIE-155,693016597420,189
ALG-VIE-155,693016597437,80
ALG-VIE-155,693016597444,29
ALG-VIE-155,693016597451,37
ALG-VIE-155,693016597468,0
ALG-VIE-452,693016597475,0
ALG-VIE-452,693016597482,13
ALG-VIE-452,693016597499,43
ALG-VIE-452,693016597505,125
ALG-VIE-452,693016597512,187
ALG-VIE-452,693016597529,148
ALG-VIE-452,693016597536,78
ALG-VIE-452,693016597543,30
ALG-VIE-452,693016597550,13
ALG-VIE-452,693016597567,0
ALG-VIE-520,693016597574,0
ALG-VIE-520,693016597581,11
ALG-VIE-520,693016597598,48
ALG-VIE-520,693016597604,82
ALG-VIE-520,693016597611,149
ALG-VIE-520,693016597628,133
ALG-VIE-520,693016597635,89
ALG-VIE-520,693016597642,54
ALG-VIE-520,693016597659,29
ALG-VIE-520,693016597666,0
ALG-VIE-676,693016597673,0
ALG-VIE-676,693016597680,37
ALG-VIE-676,693016597697,53
ALG-VIE-676,693016597703,179
ALG-VIE-676,693016597710,259
ALG-VIE-676,693016597727,212
ALG-VIE-676,693016597734,87
ALG-VIE-676,693016597741,0
ALG-VIE-676,693016597758,37
ALG-VIE-676,693016597765,0
ALG-VIE-871,693016597772,0
ALG-VIE-871,693016597789,10
ALG-VIE-871,693016597796,36
ALG-VIE-871,693016597802,121
ALG-VIE-871,693016597819,201
ALG-VIE-871,693016597826,187
ALG-VIE-871,693016597833,86
ALG-VIE-871,693016597840,6
ALG-VIE-871,693016597857,8
ALG-VIE-871,693016597864,0
ALG-VIE-872,693016597277,0
ALG-VIE-872,693016597284,30
ALG-VIE-872,693016597291,86
ALG-VIE-872,693016597307,164
ALG-VIE-872,693016597314,265
ALG-VIE-872,693016597321,201
ALG-VIE-872,693016597338,91
ALG-VIE-872,693016597345,0
ALG-VIE-872,693016597352,19
ALG-VIE-872,693016597369,0
ALG-VIK-600N,693016597970,0
ALG-VIK-600N,693016597987,6
ALG-VIK-600N,693016597994,3
ALG-VIK-600N,693016598007,22
ALG-VIK-600N,693016598014,54
ALG-VIK-600N,693016598021,18
ALG-VIK-600N,693016598038,0
ALG-VIK-600N,693016598045,0
ALG-VIK-600N,693016598052,0
ALG-VIK-600N,693016598069,0
ALG-VIK-601N,693016598076,0
ALG-VIK-601N,693016598083,6
ALG-VIK-601N,693016598090,0
ALG-VIK-601N,693016598106,0
ALG-VIK-601N,693016598113,3
ALG-VIK-601N,693016598120,0
ALG-VIK-601N,693016598137,0
ALG-VIK-601N,693016598144,0
ALG-VIK-601N,693016598151,0
ALG-VIK-601N,693016598168,0
ALG-VIK-647N,693016597871,0
ALG-VIK-647N,693016597888,0
ALG-VIK-647N,693016597895,0
ALG-VIK-647N,693016597901,0
ALG-VIK-647N,693016597918,0
ALG-VIK-647N,693016597925,0
ALG-VIK-647N,693016597932,0
ALG-VIK-647N,693016597949,0
ALG-VIK-647N,693016597956,0
ALG-VIK-647N,693016597963,0
ALG-VIT-109,693016601370,0
ALG-VIT-109,693016601387,10
ALG-VIT-109,693016601394,31
ALG-VIT-109,693016601400,80
ALG-VIT-109,693016601417,113
ALG-VIT-109,693016601424,69
ALG-VIT-109,693016601431,41
ALG-VIT-109,693016601448,21
ALG-VIT-109,693016601455,28
ALG-VIT-109,693016601462,0
ALG-VIT-125,693016601172,0
ALG-VIT-125,693016601189,3
ALG-VIT-125,693016601196,19
ALG-VIT-125,693016601202,41
ALG-VIT-125,693016601219,57
ALG-VIT-125,693016601226,51
ALG-VIT-125,693016601233,31
ALG-VIT-125,693016601240,15
ALG-VIT-125,693016601257,2
ALG-VIT-125,693016601264,0
ALG-VIT-204,693016601271,0
ALG-VIT-204,693016601288,2
ALG-VIT-204,693016601295,14
ALG-VIT-204,693016601301,56
ALG-VIT-204,693016601318,73
ALG-VIT-204,693016601325,56
ALG-VIT-204,693016601332,15
ALG-VIT-204,693016601349,0
ALG-VIT-204,693016601356,0
ALG-VIT-204,693016601363,0
ALG-VIT-301,693016601479,0
ALG-VIT-301,693016601486,5
ALG-VIT-301,693016601493,35
ALG-VIT-301,693016601509,54
ALG-VIT-301,693016601516,94
ALG-VIT-301,693016601523,75
ALG-VIT-301,693016601530,53
ALG-VIT-301,693016601547,24
ALG-VIT-301,693016601554,10
ALG-VIT-301,693016601561,0
ALG-VIT-311,693016601578,0
ALG-VIT-311,693016601585,4
ALG-VIT-311,693016601592,20
ALG-VIT-311,693016601608,61
ALG-VIT-311,693016601615,81
ALG-VIT-311,693016601622,74
ALG-VIT-311,693016601639,32
ALG-VIT-311,693016601646,18
ALG-VIT-311,693016601653,2
ALG-VIT-311,693016601660,0
ALG-VIT-601,693016600977,0
ALG-VIT-601,693016600984,0
ALG-VIT-601,693016600991,17
ALG-VIT-601,693016601004,51
ALG-VIT-601,693016601011,52
ALG-VIT-601,693016601028,43
ALG-VIT-601,693016601035,4
ALG-VIT-601,693016601042,0
ALG-VIT-601,693016601059,0
ALG-VIT-601,693016601066,0
AM-999,693016398102,24
AM-999,693016398119,28
AM-999,693016398126,47
AM-999,693016398133,17
AM-999,693016398140,104
AM-999,693016398157,35
AM-999,693016398164,58
AM-999,693016398171,82
AM-999,693016398188,31
AM-999W,693016299584,7
AM-999W,693016299591,58
AM-999W,693016299607,60
AM-999W,693016299614,10
AM-999W,693016299621,18
AM-999W,693016299638,21
AM-999W,693016299645,8
AM-999W,693016299652,6
AM-999W,693016313150,0
AM-CHA-100,693016307661,5
AM-CHA-100,693016307678,15
AM-CHA-100,693016307685,6
AM-CHA-100,693016307692,0
AM-CHA-100,693016307708,0
AM-CHA-100,693016307715,0
AM-CHA-100,693016307722,0
AM-CHA-100,693016307739,0
AM-CHA-100,693016307746,0
AM-CHA-120,693016514311,8
AM-CHA-120,693016514328,7
AM-CHA-120,693016514335,8
AM-CHA-120,693016514342,3
AM-CHA-120,693016514359,0
AM-CHA-120,693016514366,0
AM-CHA-120,693016514373,0
AM-CHA-120,693016514380,0
AM-CHA-120,693016514397,2
AM-LIA-100,693016514403,0
AM-LIA-100,693016514410,0
AM-LIA-100,693016514427,0
AM-LIA-100,693016514434,0
AM-LIA-100,693016514441,0
AM-LIA-100,693016514458,0
AM-LIA-100,693016514465,0
AM-LIA-100,693016514472,16
AM-LIA-100,693016514489,12
AM-LIA-160,693016514496,0
AM-LIA-160,693016514502,0
AM-LIA-160,693016514519,0
AM-LIA-160,693016514526,0
AM-LIA-160,693016514533,4
AM-LIA-160,693016514540,0
AM-LIA-160,693016514557,17
AM-LIA-160,693016514564,9
AM-LIA-160,693016514571,18
AM-LIA-170,693016514588,3
AM-LIA-170,693016514595,0
AM-LIA-170,693016514601,3
AM-LIA-170,693016514618,27
AM-LIA-170,693016514625,0
AM-LIA-170,693016514632,0
AM-LIA-170,693016514649,0
AM-LIA-170,693016514656,5
AM-LIA-170,693016514663,5
AM-MAR-100,693016310180,0
AM-MAR-100,693016310197,3
AM-MAR-100,693016310203,31
AM-MAR-100,693016310210,39
AM-MAR-100,693016310227,15
AM-MAR-100,693016310234,0
AM-MAR-100,693016310241,10
AM-MAR-100,693016310258,9
AM-MAR-100,693016310265,0
AM-MAR-200,693016310272,3
AM-MAR-200,693016310289,0
AM-MAR-200,693016310296,0
AM-MAR-200,693016310302,16
AM-MAR-200,693016310319,3
AM-MAR-200,693016310326,5
AM-MAR-200,693016310333,19
AM-MAR-200,693016310340,25
AM-MAR-200,693016310357,13
AM-MAR-202,693016312825,3
AM-MAR-202,693016312832,4
AM-MAR-202,693016312849,10
AM-MAR-202,693016312856,16
AM-MAR-202,693016312863,2
AM-MAR-202,693016312870,2
AM-MAR-202,693016312887,20
AM-MAR-202,693016312894,12
AM-MAR-202,693016312900,4
AM-MAR-602,693016562428,7
AM-MAR-602,693016562435,5
AM-MAR-602,693016562442,13
AM-MAR-602,693016562459,15
AM-MAR-602,693016562466,22
AM-MAR-602,693016562473,18
AM-MAR-602,693016562480,13
AM-MAR-602,693016562497,12
AM-MAR-602,693016562503,8
AM-OZ-100,693016306763,0
AM-OZ-100,693016306770,0
AM-OZ-100,693016306787,0
AM-OZ-100,693016306794,0
AM-OZ-100,693016306800,0
AM-OZ-100,693016306817,0
AM-OZ-100,693016306824,0
AM-OZ-100,693016306831,0
AM-OZ-100,693016306848,22
AM-OZ-145,693016513956,6
AM-OZ-145,693016513963,17
AM-OZ-145,693016513970,14
AM-OZ-145,693016513987,13
AM-OZ-145,693016513994,12
AM-OZ-145,693016514007,0
AM-OZ-145,693016514014,9
AM-OZ-145,693016514021,20
AM-OZ-145,693016514038,23
AM-OZ-212,693016501595,13
AM-OZ-212,693016501601,25
AM-OZ-212,693016501618,35
AM-OZ-212,693016501625,47
AM-OZ-212,693016501632,22
AM-OZ-212,693016501649,32
AM-OZ-212,693016501656,28
AM-OZ-212,693016501663,31
AM-OZ-212,693016501670,5
AM-SCH-100,693016307302,5
AM-SCH-100,693016307319,0
AM-SCH-100,693016307326,3
AM-SCH-100,693016307333,0
AM-SCH-100,693016307340,0
AM-SCH-100,693016307357,2
AM-SCH-100,693016307364,2
AM-SCH-100,693016307371,8
AM-SCH-100,693016307388,13
AM-SCH-140,693016514137,18
AM-SCH-140,693016514144,35
AM-SCH-140,693016514151,20
AM-SCH-140,693016514168,37
AM-SCH-140,693016514175,22
AM-SCH-140,693016514182,0
AM-SCH-140,693016514199,13
AM-SCH-140,693016514205,3
AM-SCH-140,693016514212,12
AM-SCH-200,693016389476,19
AM-SCH-200,693016389483,6
AM-SCH-200,693016389490,16
AM-SCH-200,693016389506,24
AM-SCH-200,693016389513,11
AM-SCH-200,693016389520,7
AM-SCH-200,693016389537,12
AM-SCH-200,693016389544,10
AM-SCH-200,693016389551,15
AM-SCH-312,693016501687,18
AM-SCH-312,693016501694,28
AM-SCH-312,693016501700,64
AM-SCH-312,693016501717,84
AM-SCH-312,693016501724,84
AM-SCH-312,693016501731,79
AM-SCH-312,693016501748,57
AM-SCH-312,693016501755,36
AM-SCH-312,693016501762,17
