UPCCode,InStock
693016214440,158
693016208005,206
693016208012,412
693016208029,425
693016208036,376
693016208043,427
693016208050,263
693016208067,22
693016218332,72
693016218349,54
693016218356,58
693016218363,14
693016218370,51
693016218387,5
693016218394,42
693016218400,93
693016256303,51
693016256310,79
693016256327,149
693016256334,158
693016256341,140
693016256358,112
693016256365,69
693016256372,74
693016305759,0
693016305766,0
693016305773,0
693016305780,0
693016305797,0
693016305803,0
693016305810,0
693016305827,0
693016273164,39
693016273171,175
693016273188,363
693016273195,336
693016273201,381
693016273218,264
693016273225,113
693016273232,102
693016266128,59
693016266135,186
693016266142,286
693016266159,184
693016266166,135
693016266173,131
693016266180,68
693016266197,102
693016266203,60
693016266210,128
693016266227,178
693016266234,154
693016266241,178
693016266258,150
693016266265,68
693016266272,43
693016266289,25
693016266296,52
693016266302,89
693016266319,88
693016266326,77
693016266333,36
693016266340,3
693016266357,39
693016214464,128
693016208494,189
693016208500,189
693016208517,185
693016208524,161
693016208531,192
693016208548,169
693016208555,37
693016272846,79
693016272853,162
693016272860,279
693016272877,260
693016272884,296
693016272891,252
693016272907,130
693016272914,86
693016305995,0
693016306008,0
693016306015,0
693016306022,0
693016306039,0
693016306046,0
693016306053,0
693016306060,0
693016306077,0
693016306084,0
693016306091,0
693016306107,0
693016306114,0
693016306121,0
693016306138,0
693016306145,0
693016273003,138
693016273010,262
693016273027,453
693016273034,615
693016273041,666
693016273058,438
693016273065,285
693016273072,154
693016256068,83
693016256075,133
693016256082,157
693016256099,99
693016256105,76
693016256112,96
693016256129,38
693016256136,52
693016256143,56
693016256150,100
693016256167,80
693016256174,37
693016256181,39
693016256198,2
693016256204,1
693016256211,4
693016287079,57
693016287086,225
693016287093,453
693016287109,482
693016287116,497
693016287123,426
693016287130,267
693016287147,194
693016287154,7
693016287161,14
693016287178,25
693016287185,0
693016287192,2
693016287208,0
693016287215,5
693016287222,8
693016287239,84
693016287246,161
693016287253,400
693016287260,367
693016287277,397
693016287284,371
693016287291,242
693016287307,241
693016305834,0
693016305841,0
693016305858,0
693016305865,0
693016305872,0
693016305889,0
693016305896,0
693016305902,0
693016306152,0
693016306169,0
693016306176,0
693016306183,0
693016306190,0
693016306206,0
693016306213,0
693016306220,0
693016287314,5
693016287321,20
693016287338,67
693016287345,8
693016287352,15
693016287369,33
693016287376,1
693016287383,15
693016287390,18
693016287406,58
693016287413,93
693016287420,44
693016287437,53
693016287444,67
693016287451,13
693016287468,33
693016287475,7
693016287482,47
693016287499,72
693016287505,29
693016287512,49
693016287529,45
693016287536,14
693016287543,10
693016287550,10
693016287567,19
693016287574,0
693016287581,0
693016287598,0
693016287604,0
693016287611,0
693016287628,4
693016287635,37
693016287642,26
693016287659,22
693016287666,0
693016287673,0
693016287680,0
693016287697,0
693016287703,34
693016287710,39
693016287727,110
693016287734,232
693016287741,171
693016287758,220
693016287765,220
693016287772,127
693016287789,106
693016287796,70
693016287802,141
693016287819,112
693016287826,74
693016287833,122
693016287840,91
693016287857,61
693016287864,98
693016305919,0
693016305926,0
693016305933,0
693016305940,0
693016305957,0
693016305964,0
693016305971,0
693016305988,0
693016299843,7
693016299850,277
693016299867,901
693016299874,892
693016299881,1511
693016299898,1757
693016299904,1792
693016299911,1276
693016299928,586
693016299935,1360
693016299942,2608
693016299959,3443
693016299966,2655
693016299973,2847
693016299980,982
693016299997,459
693016268924,31
693016268931,103
693016268948,134
693016268955,166
693016268962,148
693016268979,96
693016268986,48
693016268993,40
693016268849,29
693016268856,45
693016268863,115
693016268870,90
693016268887,90
693016268894,70
693016268900,61
693016268917,71
693016304479,54
693016304486,71
693016304493,73
693016304509,153
693016304516,157
693016304523,104
693016304530,76
693016304547,60
693016293957,60
693016293964,121
693016293971,97
693016293988,20
693016293995,5
693016294008,19
693016294015,83
693016294022,123
693016294039,54
693016294046,69
693016294053,75
693016294060,55
693016294077,77
693016294084,61
693016294091,34
693016294107,58
693016294114,8
693016294121,51
693016294138,61
693016294145,58
693016294152,41
693016294169,38
693016294176,20
693016294183,19
693016291205,18
693016291212,78
693016291229,143
693016291236,158
693016291243,161
693016291250,141
693016291267,83
693016291274,46
693016291281,5
693016291298,44
693016291304,38
693016291311,14
693016291328,11
693016291335,50
693016291342,31
693016291359,22
693016291366,11
693016291373,61
693016291380,87
693016291397,66
693016291403,97
693016291410,72
693016291427,38
693016291434,36
693016290963,7
693016290970,54
693016290987,90
693016290994,77
693016291007,95
693016291014,86
693016291021,61
693016291038,39
693016291120,10
693016291137,45
693016291144,51
693016291151,50
693016291168,54
693016291175,71
693016291182,40
693016291199,19
693016288908,45
693016288915,0
693016288922,4
693016288939,0
693016288946,5
693016288953,5
693016288960,0
693016288977,25
693016288984,45
693016288991,83
693016289004,133
693016289011,128
693016289028,175
693016289035,120
693016289042,100
693016289059,102
693016289226,108
693016289233,120
693016289240,166
693016289257,286
693016289264,274
693016289271,146
693016289288,141
693016289295,138
693016289066,65
693016289073,128
693016289080,264
693016289097,204
693016289103,268
693016289110,235
693016289127,158
693016289134,168
693016297573,0
693016297580,0
693016297597,0
693016297603,0
693016297610,0
693016297627,0
693016297634,0
693016297641,0
693016289301,55
693016289318,97
693016289325,200
693016289332,216
693016289349,186
693016289356,143
693016289363,106
693016289370,108
693016289387,18
693016289394,22
693016289400,49
693016289417,0
693016289424,0
693016289431,8
693016289448,13
693016289455,29
693016289462,38
693016289479,103
693016289486,200
693016289493,199
693016289509,234
693016289516,192
693016289523,135
693016289530,96
693016297658,0
693016297665,0
693016297672,0
693016297689,0
693016297696,0
693016297702,0
693016297719,0
693016297726,0
693016296132,37
693016296149,89
693016296156,158
693016296163,250
693016296170,240
693016296187,161
693016296194,99
693016296200,54
693016296453,0
693016296460,0
693016296477,0
693016296484,0
693016296491,0
693016296507,0
693016296514,0
693016296521,0
693016311705,19
693016311712,65
693016311729,121
693016311736,161
693016311743,161
693016311750,123
693016311767,64
693016311774,36
693016296217,63
693016296224,121
693016296231,209
693016296248,351
693016296255,345
693016296262,218
693016296279,134
693016296286,79
693016296538,0
693016296545,0
693016296552,0
693016296569,0
693016296576,0
693016296583,0
693016296590,0
693016296606,0
693016296293,79
693016296309,157
693016296316,261
693016296323,379
693016296330,377
693016296347,273
693016296354,166
693016296361,91
693016296378,25
693016296385,58
693016296392,90
693016296408,144
693016296415,146
693016296422,103
693016296439,67
693016296446,40
693016296613,0
693016296620,0
693016296637,0
693016296644,0
693016296651,0
693016296668,0
693016296675,0
693016296682,0
693016296699,0
693016296705,0
693016296712,0
693016296729,0
693016296736,0
693016296743,0
693016296750,0
693016296767,0
693016290802,6
693016290819,23
693016290826,13
693016290833,1
693016290840,0
693016290857,25
693016290864,4
693016290871,6
693016290888,0
693016290895,29
693016290901,45
693016290918,10
693016290925,25
693016290932,38
693016290949,27
693016290956,15
693016290727,0
693016290734,16
693016290741,11
693016290758,0
693016290765,0
693016290772,18
693016290789,0
693016290796,3
693016278343,0
693016278350,52
693016278367,114
693016278374,157
693016278381,153
693016278398,138
693016278404,67
693016278411,20
693016299256,0
693016299263,0
693016299270,0
693016299287,0
693016299294,0
693016299300,0
693016299317,0
693016299324,0
693016299416,0
693016299423,0
693016299430,0
693016299447,0
693016299454,0
693016299461,0
693016299478,0
693016299485,0
693016271009,12
693016271016,87
693016271023,136
693016271030,69
693016271047,116
693016271054,163
693016271061,87
693016271078,19
693016273720,13
693016273737,38
693016273744,116
693016273751,63
693016273768,108
693016273775,114
693016273782,56
693016273799,11
693016304073,36
693016304080,29
693016304097,4
693016304103,8
693016304110,15
693016304127,36
693016304134,51
693016304141,50
693016273881,34
693016273898,173
693016273904,362
693016273911,411
693016273928,428
693016273935,379
693016273942,213
693016273959,121
693016276820,60
693016276837,154
693016276844,225
693016276851,292
693016276868,323
693016276875,277
693016276882,149
693016276899,116
693016293155,53
693016293162,97
693016293179,117
693016293186,77
693016293193,107
693016293209,112
693016293216,127
693016293223,137
693016293230,62
693016293247,82
693016293254,192
693016293261,184
693016293278,239
693016293285,172
693016293292,150
693016293308,132
693016293315,40
693016293322,83
693016293339,145
693016293346,161
693016293353,165
693016293360,139
693016293377,93
693016293384,93
693016293476,114
693016293483,93
693016293490,86
693016293506,139
693016293513,173
693016293520,125
693016293537,90
693016293544,70
693016293551,55
693016293568,41
693016293575,25
693016293582,102
693016293599,128
693016293605,86
693016293612,50
693016293629,52
693016293636,80
693016293643,131
693016293650,216
693016293667,258
693016293674,264
693016293681,215
693016293698,121
693016293704,107
693016267248,48
693016267255,82
693016267262,26
693016267279,5
693016267286,33
693016267293,90
693016267309,61
693016267316,19
693016273645,39
693016273652,50
693016273669,104
693016273676,99
693016273683,90
693016273690,132
693016273706,120
693016273713,73
693016293391,41
693016293407,121
693016293414,236
693016293421,250
693016293438,267
693016293445,219
693016293452,142
693016293469,96
693016304158,49
693016304165,89
693016304172,103
693016304189,173
693016304196,179
693016304202,119
693016304219,94
693016304226,56
693016292837,80
693016292844,192
693016292851,293
693016292868,300
693016292875,351
693016292882,249
693016292899,204
693016292905,181
693016292998,111
693016293001,180
693016293018,375
693016293025,325
693016293032,365
693016293049,309
693016293056,228
693016293063,239
693016303199,34
693016303205,46
693016303212,28
693016303229,48
693016303236,58
693016303243,62
693016303250,57
693016303267,45
693016303274,8
693016303281,1
693016303298,0
693016303304,38
693016303311,230
693016303328,119
693016303335,79
693016303342,78
693016272440,29
693016272457,41
693016272464,0
693016272471,0
693016272488,0
693016272495,0
693016272501,18
693016272518,57
693016293070,64
693016293087,126
693016293094,166
693016293100,238
693016293117,243
693016293124,214
693016293131,97
693016293148,114
693016272525,12
693016272532,14
693016272549,17
693016272556,0
693016272563,0
693016272570,0
693016272587,1
693016272594,15
693016213887,38
693016213894,8
693016213900,0
693016213917,97
693016213924,107
693016213931,28
693016213948,14
693016213955,9
693016213962,46
693016213979,100
693016213986,17
693016213993,190
693016214006,237
693016214013,88
693016214020,21
693016214037,76
693016303359,0
693016303366,0
693016303373,0
693016303380,0
693016303397,0
693016303403,0
693016303410,0
693016303427,0
693016274123,0
693016274130,1
693016274147,1
693016274154,1
693016274161,0
693016274178,0
693016274185,0
693016274192,0
693016303434,0
693016303441,0
693016303458,0
693016303465,0
693016303472,0
693016303489,0
693016303496,0
693016303502,0
693016298778,0
693016298785,0
693016298792,0
693016298808,0
693016298815,0
693016298822,0
693016298839,0
693016298846,0
693016298853,0
693016298860,0
693016298877,0
693016298884,0
693016298891,0
693016298907,0
693016298914,0
693016298921,0
693016274369,10
693016274376,43
693016274383,33
693016274390,0
693016274406,1
693016274413,14
693016274420,8
693016274437,21
693016274284,73
693016274291,201
693016274307,353
693016274314,263
693016274321,287
693016274338,260
693016274345,167
693016274352,105
693016292356,70
693016292363,176
693016292370,340
693016292387,317
693016292394,331
693016292400,216
693016292417,229
693016292424,210
693016292431,32
693016292448,50
693016292455,167
693016292462,136
693016292479,203
693016292486,177
693016292493,115
693016292509,78
693016292516,14
693016292523,62
693016292530,123
693016292547,61
693016292554,62
693016292561,47
693016292578,57
693016292585,72
693016303038,0
693016303045,0
693016303052,0
693016303069,0
693016303076,0
693016303083,0
693016303090,0
693016303106,0
693016303113,0
693016303120,0
693016303137,0
693016303144,0
693016303151,0
693016303168,0
693016303175,0
693016303182,0
693016311781,0
693016311798,0
693016311804,0
693016311811,0
693016311828,0
693016311835,0
693016311842,0
693016311859,0
693016213566,18
693016213573,8
693016213580,46
693016213597,8
693016213603,99
693016213610,77
693016213627,77
693016213634,25
693016299492,0
693016299508,0
693016299515,0
693016299522,0
693016299539,0
693016299546,0
693016299553,0
693016299560,0
693016299577,0
693016300167,0
693016300174,0
693016300181,0
693016300198,0
693016300204,0
693016300211,0
693016300228,0
693016300235,0
693016300242,0
693016300259,0
693016300266,0
693016300273,0
693016300280,0
693016300297,0
693016300303,0
693016291793,69
693016291809,80
693016291816,202
693016291823,207
693016291830,238
693016291847,164
693016291854,134
693016291861,112
693016304639,0
693016304646,0
693016304653,0
693016304660,0
693016304677,0
693016304684,0
693016304691,0
693016304707,0
693016304714,0
693016304721,0
693016304738,0
693016304745,0
693016304752,0
693016304769,0
693016304776,0
693016304783,0
693016291953,58
693016291960,79
693016291977,190
693016291984,198
693016291991,300
693016292004,208
693016292011,193
693016292028,126
693016279623,35
693016279630,70
693016279647,142
693016279654,101
693016279661,95
693016279678,93
693016279685,79
693016279692,38
693016279708,39
693016279715,175
693016279722,308
693016279739,343
693016279746,356
693016279753,292
693016279760,206
693016279777,100
693016279784,0
693016279791,14
693016279807,41
693016279814,57
693016279821,68
693016279838,46
693016279845,38
693016279852,0
693016279548,15
693016279555,47
693016279562,68
693016279579,0
693016279586,0
693016279593,0
693016279609,0
693016279616,0
693016306312,38
693016306329,96
693016306336,149
693016306343,229
693016306350,232
693016306367,157
693016306374,105
693016306381,53
693016297177,0
693016297184,0
693016297191,0
693016297207,0
693016297214,0
693016297221,0
693016297238,0
693016297245,0
693016296774,82
693016296781,213
693016296798,365
693016296804,516
693016296811,515
693016296828,364
693016296835,230
693016296842,135
693016296859,62
693016296866,147
693016296873,257
693016296880,379
693016296897,384
693016296903,259
693016296910,166
693016296927,98
693016306428,84
693016306435,180
693016306442,336
693016306459,479
693016306466,471
693016306473,339
693016306480,199
693016306497,108
693016296934,36
693016296941,94
693016296958,143
693016296965,227
693016296972,233
693016296989,158
693016296996,104
693016297009,52
693016297016,47
693016297023,141
693016297030,244
693016297047,338
693016297054,341
693016297061,245
693016297078,159
693016297085,83
693016304790,30
693016304806,66
693016304813,111
693016304820,161
693016304837,155
693016304844,113
693016304851,66
693016304868,42
693016304875,48
693016304882,90
693016304899,137
693016304905,163
693016304912,155
693016304929,134
693016304936,77
693016304943,50
693016304950,40
693016304967,103
693016304974,175
693016304981,227
693016304998,214
693016305001,170
693016305018,107
693016305025,57
693016305117,46
693016305124,127
693016305131,193
693016305148,220
693016305155,205
693016305162,183
693016305179,132
693016305186,75
693016305193,26
693016305209,70
693016305216,123
693016305223,157
693016305230,151
693016305247,120
693016305254,78
693016305261,40
693016305032,38
693016305049,103
693016305056,175
693016305063,228
693016305070,215
693016305087,170
693016305094,105
693016305100,51
693016305278,40
693016305285,107
693016305292,186
693016305308,244
693016305315,234
693016305322,185
693016305339,116
693016305346,57
693016297337,28
693016297344,73
693016297351,121
693016297368,176
693016297375,176
693016297382,127
693016297399,81
693016297405,42
693016297412,65
693016297429,141
693016297436,234
693016297443,332
693016297450,338
693016297467,248
693016297474,146
693016297481,80
693016297498,48
693016297504,154
693016297511,264
693016297528,341
693016297535,343
693016297542,260
693016297559,166
693016297566,99
693016299096,0
693016299102,0
693016299119,0
693016299126,0
693016299133,0
693016299140,0
693016299157,0
693016299164,0
693016299171,0
693016299188,0
693016299195,0
693016299201,0
693016299218,0
693016299225,0
693016299232,0
693016299249,0
693016305353,0
693016305360,0
693016305377,0
693016305384,0
693016305391,0
693016305407,0
693016305414,0
693016305421,0
693016305438,0
693016305445,0
693016305452,0
693016305469,0
693016305476,0
693016305483,0
693016305490,0
693016305506,0
693016305513,0
693016305520,0
693016305537,0
693016305544,0
693016305551,0
693016305568,0
693016305575,0
693016305582,0
693016305599,0
693016305605,0
693016305612,0
693016305629,0
693016305636,0
693016305643,0
693016305650,0
693016305667,0
693016305674,0
693016305681,0
693016305698,0
693016305704,0
693016305711,0
693016305728,0
693016305735,0
693016305742,0
693016300952,0
693016300969,0
693016300976,0
693016300983,0
693016300990,0
693016301003,0
693016301010,0
693016301027,0
693016301034,0
693016301041,0
693016301058,0
693016301065,0
693016301072,0
693016301089,0
693016301096,0
693016301102,0
693016301119,0
693016301126,0
693016301133,0
693016301140,0
693016301157,0
693016301164,0
693016301171,0
693016301188,0
693016300631,0
693016300648,0
693016300655,0
693016300662,0
693016300679,0
693016300686,0
693016300693,0
693016300709,0
693016300716,0
693016300723,0
693016300730,0
693016300747,0
693016300754,0
693016300761,0
693016300778,0
693016300785,0
693016300792,0
693016300808,0
693016300815,0
693016300822,0
693016300839,0
693016300846,0
693016300853,0
693016300860,0
693016300877,0
693016300884,0
693016300891,0
693016300907,0
693016300914,0
693016300921,0
693016300938,0
693016300945,0
693016301195,20
693016301201,60
693016301218,90
693016301225,130
693016301232,130
693016301249,90
693016301256,60
693016301263,20
693016301270,20
693016301287,60
693016301294,90
693016301300,130
693016301317,130
693016301324,90
693016301331,60
693016301348,20
693016301355,20
693016301362,60
693016301379,90
693016301386,130
693016301393,130
693016301409,90
693016301416,60
693016301423,20
693016301430,20
693016301447,60
693016301454,90
693016301461,130
693016301478,130
693016301485,90
693016301492,60
693016301508,20
693016301515,0
693016301522,0
693016301539,0
693016301546,0
693016301553,0
693016301560,0
693016301577,0
693016301584,0
693016216079,52
693016216086,150
693016216093,366
693016216109,254
693016216116,372
693016216123,341
693016216130,263
693016216147,196
693016306237,0
693016306244,0
693016306251,0
693016306268,0
693016306275,0
693016306282,0
693016306299,0
693016306305,0
693016295890,0
693016295906,0
693016295913,0
693016295920,0
693016295937,0
693016295944,0
693016295951,0
693016295968,0
693016295975,0
693016295982,0
693016295999,0
693016296002,0
693016296019,0
693016296026,0
693016296033,0
693016296040,0
693016296057,0
693016296064,0
693016296071,0
693016296088,0
693016296095,0
693016296101,0
693016296118,0
693016296125,0
693016287871,126
693016287888,206
693016287895,349
693016287901,318
693016287918,397
693016287925,299
693016287932,234
693016287949,236
693016275168,62
693016275175,75
693016275182,79
693016275199,206
693016275205,210
693016275212,85
693016275229,91
693016275236,50
693016294350,135
693016288274,197
693016288281,461
693016288298,481
693016288304,496
693016288311,356
693016288328,281
693016288335,259
693016218899,41
693016218905,47
693016218912,9
693016218929,92
693016218936,49
693016218943,28
693016218950,55
693016218967,43
693016250141,175
693016250158,118
693016250165,276
693016250172,380
693016250189,472
693016250196,333
693016250202,145
693016250219,152
693016287956,141
693016287963,208
693016287970,374
693016287987,483
693016287994,522
693016288007,359
693016288014,273
693016288021,216
693016288038,30
693016288045,65
693016288052,64
693016288069,32
693016288076,78
693016288083,89
693016288090,66
693016288106,68
693016288342,138
693016288359,214
693016288366,363
693016288373,488
693016288380,530
693016288397,338
693016288403,261
693016288410,230
693016288427,145
693016288434,250
693016288441,447
693016288458,560
693016288465,609
693016288472,356
693016288489,277
693016288496,275
693016288502,137
693016288519,233
693016288526,457
693016288533,659
693016288540,685
693016288557,409
693016288564,288
693016288571,256
693016295258,75
693016295265,118
693016295272,164
693016295289,220
693016295296,228
693016295302,178
693016295319,130
693016295326,79
693016295333,95
693016295340,162
693016295357,213
693016295364,287
693016295371,290
693016295388,225
693016295395,171
693016295401,100
693016295654,0
693016295661,0
693016295678,0
693016295685,0
693016295692,0
693016295708,0
693016295715,0
693016295722,0
693016295739,0
693016295746,0
693016295753,0
693016295760,0
693016295777,0
693016295784,0
693016295791,0
693016295807,0
693016275083,113
693016275090,78
693016275106,169
693016275113,140
693016275120,205
693016275137,167
693016275144,90
693016275151,156
693016311620,0
693016311637,0
693016311644,0
693016311651,0
693016311668,0
693016311675,0
693016311682,0
693016311699,0
693016275489,46
693016275496,29
693016275502,68
693016275519,1
693016275526,82
693016275533,38
693016275540,30
693016275557,67
693016268528,48
693016268535,15
693016268542,5
693016268559,6
693016268566,3
693016268573,6
693016268580,9
693016268597,29
693016266524,43
693016266531,2
693016266548,21
693016266555,10
693016266562,9
693016266579,1
693016266586,50
693016266593,122
693016266609,45
693016266616,73
693016266623,86
693016266630,16
693016266647,47
693016266654,2
693016266661,52
693016266678,139
693016295494,21
693016295500,13
693016295517,0
693016295524,0
693016295531,10
693016295548,14
693016295555,41
693016295562,31
693016295814,0
693016295821,0
693016295838,0
693016295845,0
693016295852,0
693016295869,0
693016295876,0
693016295883,0
693016306503,0
693016306510,0
693016306527,0
693016216956,68
693016216963,79
693016216970,131
693016216987,3
693016216994,0
693016217007,52
693016217014,88
693016217021,64
693016288588,72
693016288595,20
693016288601,46
693016288618,0
693016288625,83
693016288632,27
693016288649,74
693016288656,173
693016275403,1
693016275410,0
693016275427,0
693016275434,1
693016275441,1
693016275458,0
693016275465,0
693016275472,0
693016288113,157
693016288120,135
693016288137,243
693016288144,383
693016288151,390
693016288168,135
693016288175,160
693016288182,186
693016288199,17
693016288205,43
693016288212,113
693016288229,114
693016288236,138
693016288243,114
693016288250,76
693016288267,45
693016297894,0
693016297900,0
693016297917,0
693016297924,0
693016297931,0
693016297948,0
693016297955,0
693016297962,0
693016297979,0
693016297986,0
693016297993,0
693016298006,0
693016298013,0
693016298020,0
693016298037,0
693016298044,0
693016298051,0
693016298068,0
693016298075,0
693016298082,0
693016298099,0
693016298105,0
693016298112,0
693016298129,0
693016298136,0
693016298143,0
693016298150,0
693016298167,0
693016298174,0
693016298181,0
693016298198,0
693016298204,0
693016277940,18
693016277957,25
693016277964,24
693016277971,64
693016277988,74
693016277995,24
693016278008,20
693016278015,17
693016277780,44
693016277797,88
693016277803,27
693016277810,278
693016277827,272
693016277834,148
693016277841,113
693016277858,86
693016290246,32
693016290253,99
693016290260,139
693016290277,149
693016290284,156
693016290291,137
693016290307,90
693016290314,77
693016290321,31
693016290338,109
693016290345,168
693016290352,175
693016290369,179
693016290376,139
693016290383,102
693016290390,85
693016290406,26
693016290413,48
693016290420,70
693016290437,91
693016290444,89
693016290451,107
693016290468,66
693016290475,20
693016290482,13
693016290499,46
693016290505,78
693016290512,76
693016290529,71
693016290536,67
693016290543,48
693016290550,37
693016290567,14
693016290574,58
693016290581,107
693016290598,112
693016290604,115
693016290611,95
693016290628,62
693016290635,39
693016290642,19
693016290659,87
693016290666,142
693016290673,172
693016290680,173
693016290697,129
693016290703,88
693016290710,54
693016267644,48
693016267651,89
693016267668,143
693016267675,147
693016267682,147
693016267699,95
693016267705,34
693016267712,33
693016211722,42
693016211739,40
693016211746,20
693016211753,0
693016211760,0
693016211777,0
693016211784,0
693016211791,1
693016303830,0
693016303847,0
693016303854,0
693016303861,0
693016303878,0
693016303885,0
693016303892,0
693016303908,0
693016303915,0
693016303922,0
693016303939,0
693016303946,0
693016303953,0
693016303960,0
693016303977,0
693016303984,0
693016303991,0
693016304004,0
693016304011,0
693016304028,0
693016304035,0
693016304042,0
693016304059,0
693016304066,0
693016298938,0
693016298945,0
693016298952,0
693016298969,0
693016298976,0
693016298983,0
693016298990,0
693016299003,0
693016299010,0
693016299027,0
693016299034,0
693016299041,0
693016299058,0
693016299065,0
693016299072,0
693016299089,0
693016259908,63
693016259915,71
693016259922,135
693016259939,6
693016259946,6
693016259953,160
693016259960,85
693016259977,23
693016288663,12
693016288670,31
693016288687,41
693016288694,9
693016288700,53
693016288717,49
693016288724,40
693016288731,25
693016288748,6
693016288755,25
693016288762,51
693016288779,9
693016288786,49
693016288793,46
693016288809,38
693016288816,14
693016298372,0
693016298389,0
693016298396,0
693016298402,0
693016298419,0
693016298426,0
693016298433,0
693016298440,0
693016278985,100
693016278992,220
693016279005,380
693016279012,519
693016279029,510
693016279036,399
693016279043,250
693016279050,119
693016298211,0
693016298228,0
693016298235,0
693016298242,0
693016298259,0
693016298266,0
693016298273,0
693016298280,0
693016298297,0
693016298303,0
693016298310,0
693016298327,0
693016298334,0
693016298341,0
693016298358,0
693016298365,0
693016298457,0
693016298464,0
693016298471,0
693016298488,0
693016298495,0
693016298501,0
693016298518,0
693016298525,0
693016298617,0
693016298624,0
693016298631,0
693016298648,0
693016298655,0
693016298662,0
693016298679,0
693016298686,0
693016298693,0
693016298709,0
693016298716,0
693016298723,0
693016298730,0
693016298747,0
693016298754,0
693016298761,0
693016289752,0
693016289769,0
693016289776,6
693016289783,8
693016289790,31
693016289806,31
693016289813,38
693016289820,4
693016289837,6
693016289844,21
693016289851,23
693016289868,35
693016289875,44
693016289882,42
693016302482,0
693016302499,0
693016302505,0
693016302512,0
693016302529,0
693016302536,0
693016302543,0
693016302550,0
693016302567,0
693016302574,0
693016302581,0
693016302598,0
693016302604,0
693016302611,0
693016302628,0
693016302635,0
693016302642,0
693016302659,0
693016302666,0
693016302673,0
693016302680,0
693016302697,0
693016302703,0
693016302710,0
693016302727,0
693016302734,0
693016302741,0
693016302758,0
693016302765,0
693016302772,0
693016302789,0
693016302796,0
693016302802,0
693016302819,0
693016302826,0
693016302833,0
693016302840,0
693016302857,0
693016302864,0
693016302871,0
693016302888,0
693016302895,0
693016280391,17
693016280407,15
693016280414,21
693016280421,11
693016280438,2
693016280445,0
693016280452,0
693016280605,22
693016280612,25
693016280629,17
693016280636,15
693016280643,12
693016280650,11
693016280667,13
693016280537,34
693016280544,32
693016280551,14
693016280568,9
693016280575,28
693016280582,25
693016280599,21
693016280469,32
693016280476,33
693016280483,21
693016280490,14
693016280506,40
693016280513,33
693016280520,36
693016281237,29
693016281244,26
693016281251,29
693016281268,6
693016281275,9
693016281282,11
693016281299,10
693016281305,30
693016281312,31
693016281329,18
693016281336,14
693016281343,50
693016281350,51
693016281367,57
693016281442,20
693016281459,36
693016281466,33
693016281473,16
693016281480,51
693016281497,52
693016281503,57
693016281374,24
693016281381,18
693016281398,11
693016281404,6
693016281411,21
693016281428,26
693016281435,36
693016289615,0
693016289622,0
693016289639,7
693016289646,9
693016289653,28
693016289660,28
693016289677,26
693016280810,49
693016280827,47
693016280834,17
693016280841,3
693016280858,0
693016280865,0
693016280872,1
693016289899,2
693016289905,1
693016289912,10
693016289929,14
693016289936,31
693016289943,18
693016289950,24
693016281022,45
693016281039,57
693016281046,46
693016281053,47
693016281060,66
693016281077,73
693016281084,71
693016301997,0
693016302000,0
693016302017,0
693016302024,0
693016302031,0
693016302048,0
693016302055,0
693016280889,58
693016280896,62
693016280902,49
693016280919,45
693016280926,52
693016280933,61
693016280940,66
693016289967,20
693016289974,30
693016289981,60
693016289998,46
693016290000,64
693016290017,61
693016290024,59
693016281169,70
693016281176,68
693016281183,64
693016281190,44
693016281206,39
693016281213,52
693016281220,59
693016280957,42
693016280964,36
693016280971,24
693016280988,20
693016280995,30
693016281008,43
693016281015,51
693016281091,65
693016281107,48
693016281114,60
693016281121,52
693016281138,49
693016281145,49
693016281152,51
693016302277,0
693016302284,0
693016302291,0
693016302307,0
693016302314,0
693016302321,0
693016302338,0
693016302130,0
693016302147,0
693016302154,0
693016302161,0
693016302178,0
693016302185,0
693016302192,0
693016302208,0
693016302215,0
693016302222,0
693016302239,0
693016302246,0
693016302253,0
693016302260,0
693016290031,35
693016290048,30
693016290055,26
693016290062,11
693016290079,22
693016290086,24
693016290093,41
693016290109,49
693016290116,46
693016290123,57
693016290130,28
693016290147,56
693016290154,58
693016290161,65
693016290178,64
693016290185,64
693016290192,73
693016290208,35
693016290215,48
693016290222,54
693016290239,64
693016302345,0
693016302352,0
693016302369,0
693016302376,0
693016302383,0
693016302390,0
693016302406,0
693016302413,0
693016302420,0
693016302437,0
693016302444,0
693016302451,0
693016302468,0
693016302475,0
